city,pm25,date,latitude,longitude
Bengaluru,187.78129084705023,2024-01-01,29.48970164188047,70.19244686081045
Chennai,121.72397304605761,2024-01-02,10.1625300799602,86.67029793851738
Kolkata,145.3971482978406,2024-01-03,10.137701832957758,97.43533510286883
Chennai,186.04988861191322,2024-01-04,8.363254257046624,73.70322949351183
Chennai,147.30295417641173,2024-01-05,36.695041948984404,91.7778534886515
Mumbai,47.45702772456704,2024-01-06,30.12525078377021,95.23696381338858
Kolkata,123.73190483002637,2024-01-07,18.597542255061924,96.31104778460663
Kolkata,129.20870834891406,2024-01-08,16.896067438629657,96.80406813216342
Kolkata,96.34352083442948,2024-01-09,18.491096892375488,83.64378916164415
Chennai,152.55996241245012,2024-01-10,31.239605935435456,97.3192372397451
Bengaluru,188.18606265842268,2024-01-11,27.841118332112433,90.71930621403317
Kolkata,186.60233232321974,2024-01-12,13.555867036024038,72.85014308710886
Chennai,101.15108685274377,2024-01-13,13.22328006002253,82.3070031940391
Mumbai,40.38284825133594,2024-01-14,10.951869491401919,89.54993526116012
Bengaluru,197.27141581322022,2024-01-15,27.809081591040144,75.4202094745725
Mumbai,171.00165556026815,2024-01-16,30.93117986665208,87.21845550646663
Bengaluru,42.43928261658803,2024-01-17,15.951392849750121,87.99801437139857
Chennai,185.75153887112702,2024-01-18,8.628348830927385,72.88099231425697
Delhi,176.5813451711831,2024-01-19,10.465150024292821,84.95255937358269
Bengaluru,113.39085028269298,2024-01-20,37.035801045350915,91.14880732935823
Mumbai,126.42957843408726,2024-01-21,16.863343324322607,82.96686993607825
Chennai,91.82048669662345,2024-01-22,31.07669443514401,68.36309350328322
Bengaluru,29.857094987965638,2024-01-23,26.739907065627914,68.27115407237876
Delhi,80.33550349626216,2024-01-24,19.458189189586875,78.71088031910037
Delhi,164.51362074764205,2024-01-25,14.170617865866653,95.78582205295346
Kolkata,20.833764140828514,2024-01-26,11.641592544782192,74.86030338810826
Kolkata,80.02985090440595,2024-01-27,26.450389041165998,87.03091066615062
Mumbai,91.6703648463698,2024-01-28,31.239013419133638,74.66227612079962
Bengaluru,116.73120852882612,2024-01-29,27.31712760623392,77.65009968978646
Bengaluru,185.57401095429688,2024-01-30,23.90906399747475,93.44126268804452
Kolkata,82.34227898587302,2024-01-31,9.258536702949089,89.8658432680984
Bengaluru,82.45157634132099,2024-02-01,37.05466332783151,70.86197831939631
Bengaluru,152.7502246597547,2024-02-02,31.961425749637236,80.86106062959301
Delhi,101.3992293601653,2024-02-03,16.78466110102894,68.87509290935793
Kolkata,60.42886812919675,2024-02-04,37.39910988076552,82.42670439809027
Chennai,101.4391129038848,2024-02-05,26.056447689089662,87.87302035103204
Kolkata,45.35426366836397,2024-02-06,25.472679746217395,71.55507870794455
Chennai,51.749657571120196,2024-02-07,30.442195382885963,76.66654816727497
Delhi,109.70619909310635,2024-02-08,32.353093642704124,79.93509876506471
Mumbai,95.40658091081862,2024-02-09,27.69435821994508,95.58593073968149
Bengaluru,184.67226219225802,2024-02-10,11.842872390986,97.79765046268892
Delhi,85.23090184099397,2024-02-11,18.148025179834953,69.34733896986847
Bengaluru,124.50590305004782,2024-02-12,35.8425092097815,90.83023770486176
Mumbai,133.80757182551548,2024-02-13,14.738468355315558,79.15172199207029
Mumbai,22.357002185900054,2024-02-14,19.165010715125398,79.7737455868844
Delhi,139.4367269630079,2024-02-15,20.96230648832588,90.62794920041068
Mumbai,52.04647403655526,2024-02-16,21.182149690833565,95.55279296436225
Chennai,192.99265714450192,2024-02-17,26.388187474835764,96.52785783507645
Mumbai,46.759290995560335,2024-02-18,36.29227513234123,85.31367758114962
Bengaluru,94.63234227086427,2024-02-19,15.220781354975149,78.71363477901508
Bengaluru,35.362940254155895,2024-02-20,11.645041289027542,91.62647257576337
Bengaluru,199.43736533227053,2024-02-21,13.924114695798119,75.53004149786901
Bengaluru,110.39510185962367,2024-02-22,34.60774700627809,84.92222086500553
Chennai,127.16930311760788,2024-02-23,27.37432437965618,78.7573538457462
Kolkata,32.073765929916945,2024-02-24,16.577203677174804,87.69893221123628
Delhi,154.992884671852,2024-02-25,32.47840816905852,75.21196738680521
Bengaluru,57.783006757205435,2024-02-26,33.84109989090308,73.74778837204477
Mumbai,181.6497720993285,2024-02-27,33.395430160708344,95.54717260026311
Bengaluru,56.92513528676129,2024-02-28,35.56779600918664,71.0541104884861
Mumbai,54.32378971945998,2024-02-29,15.567230605200848,83.17873723204795
Mumbai,26.57894021265708,2024-03-01,30.65125786238835,74.62558348889027
Bengaluru,104.97205011979986,2024-03-02,21.816184918224202,69.16789889977002
Chennai,121.67140398727096,2024-03-03,33.25995658670185,69.08056454874279
Mumbai,31.827555097103428,2024-03-04,29.854720314848397,73.25665316317482
Mumbai,159.5949710051019,2024-03-05,31.293423394991738,94.00311063518001
Bengaluru,101.59199025464497,2024-03-06,27.684855130432144,76.4743623193108
Mumbai,114.39024847896441,2024-03-07,13.322863084091207,96.51377511725887
Mumbai,99.33729444888107,2024-03-08,24.35080756690815,85.4486687896758
Bengaluru,92.13735095755868,2024-03-09,37.54009218573525,81.09842569306298
Bengaluru,120.73525963547922,2024-03-10,36.12164199491357,85.40266504008363
Delhi,47.94324426752825,2024-03-11,9.29521207391035,83.50095155678804
Chennai,52.7470634891488,2024-03-12,12.944444471883113,90.76328761271975
Chennai,175.1214117824331,2024-03-13,11.951863203636858,76.47488197918557
Mumbai,190.3007831840539,2024-03-14,29.779397299558866,78.59151174800907
Chennai,87.19567693035553,2024-03-15,32.53355989570835,94.82282907599752
Mumbai,68.73404116583967,2024-03-16,14.405340989320157,96.39369539451216
Delhi,135.91991778302284,2024-03-17,23.175580788554868,94.77674682459423
Bengaluru,93.57215079765736,2024-03-18,33.221090840336004,80.58343981871941
Bengaluru,24.569544018862075,2024-03-19,29.98404634298752,91.41096509020645
Bengaluru,48.10746752591427,2024-03-20,24.26711616475545,82.29007199903296
Chennai,148.87500119253156,2024-03-21,25.710430713763188,82.92619556438306
Delhi,138.60630954382725,2024-03-22,23.2508164074884,74.14040327171853
Chennai,24.877278650627026,2024-03-23,16.92645353956462,85.73390909775549
Chennai,59.9549891479309,2024-03-24,24.950659785770483,73.58407693260044
Delhi,61.59346338585285,2024-03-25,28.66655906150272,77.94694097201581
Delhi,140.94069384777112,2024-03-26,34.199687475824234,93.65090604859805
Delhi,23.547896795785547,2024-03-27,27.088740619377443,74.21227427632566
Delhi,38.73954475722329,2024-03-28,30.83364611129474,70.13474855520299
Bengaluru,163.9848953671741,2024-03-29,12.80214904863719,70.07022777838449
Kolkata,52.13803916978005,2024-03-30,21.846724232593697,96.22353561509324
Kolkata,137.49429941333744,2024-03-31,8.279948594812799,83.20761313885504
Delhi,62.87290058841077,2024-04-01,15.40036593564869,80.28236215451055
Kolkata,37.89945069668213,2024-04-02,29.793851453390147,92.32635743023755
Kolkata,63.77099437990174,2024-04-03,37.7542985404809,93.07477783731548
Delhi,150.00804773401865,2024-04-04,10.975342987616477,77.96573099346814
Kolkata,174.02536425913144,2024-04-05,20.044829475838647,88.80854172421385
Chennai,169.4395756220585,2024-04-06,32.00212906097478,91.1336844755566
Mumbai,91.49303533132186,2024-04-07,14.121069038866965,87.63952060597863
Mumbai,140.2553245827163,2024-04-08,24.65254847906859,72.54785224400298
Delhi,56.89717317484777,2024-04-09,29.992138880890245,94.27649250551171
Bengaluru,72.76659144698239,2024-04-10,26.47956350780537,84.17283658208027
Delhi,181.34044733380156,2024-04-11,13.640742038462484,76.47417279110012
Bengaluru,22.340346231932486,2024-04-12,18.661537060572183,80.75684556313081
Mumbai,35.39153555380425,2024-04-13,31.513753534561918,69.12713271196722
Delhi,57.41952592628492,2024-04-14,24.6267954239605,71.83600403667252
Chennai,24.775796697287547,2024-04-15,8.156888406287383,90.96640251547582
Kolkata,52.658378316163514,2024-04-16,30.829722800842816,68.00034904266099
Bengaluru,124.94748097454459,2024-04-17,9.059340648207172,80.49697485446876
Kolkata,95.85641910664962,2024-04-18,30.372013481936964,83.67530543256765
Kolkata,180.68090799385547,2024-04-19,14.074416804957123,69.63903260002917
Delhi,167.13984111291936,2024-04-20,36.74220440358141,97.19234488916999
Kolkata,81.52712330561768,2024-04-21,19.038222539062534,74.78375993749016
Chennai,66.69621801763265,2024-04-22,17.807948490142373,77.12596158908843
Kolkata,88.34463347010804,2024-04-23,12.46664150997334,77.11827536765082
Delhi,126.2530896526654,2024-04-24,17.168126464706447,74.9124998635205
Chennai,68.25145534811773,2024-04-25,34.29952285484602,68.04421466258934
Mumbai,132.3468034128441,2024-04-26,37.890030128817415,89.88034382263989
Kolkata,93.69409739442328,2024-04-27,19.049285915205452,97.00536499397856
Delhi,119.36849255335645,2024-04-28,21.458318928636277,74.72880449855136
Mumbai,98.502775244357,2024-04-29,29.66212814608211,87.89141575410267
Mumbai,73.00383671754518,2024-04-30,34.585873413952235,90.25688980876146
Bengaluru,190.7215952531882,2024-05-01,25.791330025603525,93.45276137271574
Chennai,157.44904294875695,2024-05-02,19.745770945334883,80.67887591040827
Kolkata,45.22037163796146,2024-05-03,20.37865522545871,77.08792716921288
Delhi,176.3242356616243,2024-05-04,28.868544394904205,77.75885402069093
Bengaluru,107.73761568491246,2024-05-05,8.096547908128361,89.37863999295539
Chennai,181.01940084093644,2024-05-06,26.58768012379522,92.50338399516909
Bengaluru,163.97394607051675,2024-05-07,18.664790313240722,73.44841903269808
Chennai,96.53843080446202,2024-05-08,31.825919938312527,79.12823024473296
Chennai,24.044475497621132,2024-05-09,10.789719194693966,95.0582059024745
Kolkata,68.36192468929029,2024-05-10,25.646068008451714,92.20080559084218
Chennai,117.49415863895605,2024-05-11,22.429186696583713,97.54575208287427
Bengaluru,134.0260795687065,2024-05-12,27.26976577715682,90.62744779046243
Chennai,66.41978337797642,2024-05-13,9.945607834489051,79.79585603083767
Kolkata,45.08409333310834,2024-05-14,25.399513622843937,85.71913501983913
Kolkata,170.28744262387383,2024-05-15,24.844537638785713,87.83042762741961
Bengaluru,197.1923925266394,2024-05-16,24.819802832485127,70.35367448951372
Mumbai,114.62423281448345,2024-05-17,26.104629997893646,84.33490877311596
Mumbai,50.902271452694634,2024-05-18,28.294038116790865,89.27962485417828
Chennai,69.01531877348641,2024-05-19,32.14966999042309,73.01963912003181
Delhi,23.31032177854401,2024-05-20,16.09462160384643,91.41895152276672
Chennai,184.57378518088981,2024-05-21,32.751482305401865,85.51318341542336
Bengaluru,41.195194920225404,2024-05-22,22.94767046790361,96.56665357092784
Bengaluru,123.77296559256564,2024-05-23,10.311748374029936,69.27266894620675
Bengaluru,69.32993972369708,2024-05-24,9.756527877319376,75.959784126664
Bengaluru,119.75204045284282,2024-05-25,18.027149560881824,86.04661637899471
Bengaluru,137.25566990333556,2024-05-26,31.546909313344027,76.89679736617792
Kolkata,169.35352466729628,2024-05-27,29.230428042227473,89.43272492213727
Mumbai,57.155828916908575,2024-05-28,31.658448940172192,90.77015847565792
Bengaluru,21.979249158526486,2024-05-29,23.51807169324828,71.07547892199423
Delhi,44.63941341238531,2024-05-30,21.205969938664715,83.41563392620303
Delhi,182.00335553265893,2024-05-31,12.42357580118852,83.26671666773167
Delhi,177.30021396125275,2024-06-01,17.845782608279347,79.07842310646623
Delhi,127.5343583906555,2024-06-02,21.020580985216256,95.98774587709016
Kolkata,128.0930348780576,2024-06-03,10.658012890388516,92.82518959619664
Delhi,139.706601418326,2024-06-04,14.618358581336338,88.9162814572891
Bengaluru,51.56683015222093,2024-06-05,25.946758821912166,89.42979907204993
Chennai,184.59415026649276,2024-06-06,30.069893427175696,81.85148431439357
Delhi,95.37869448057316,2024-06-07,37.95042534178849,95.62983563289728
Kolkata,88.96493508490954,2024-06-08,35.99339994030673,88.83786281759856
Kolkata,113.40518695091076,2024-06-09,27.276955986055746,89.8694318496745
Delhi,28.453874019509907,2024-06-10,20.63744159882216,93.85072711362037
Chennai,49.931006376094295,2024-06-11,27.08532094124698,76.22214768026573
Delhi,152.84605095674667,2024-06-12,31.56954854240696,92.21212711600108
Kolkata,34.90376022652276,2024-06-13,11.55008572770162,73.85721808869476
Mumbai,128.56737970394988,2024-06-14,20.297146690888646,78.36025856734663
Bengaluru,64.16283974263777,2024-06-15,33.19406856906852,78.06831362809528
Kolkata,90.07321052755577,2024-06-16,19.51498855799132,97.35576405167421
Delhi,71.96487261872598,2024-06-17,25.156168136815594,93.6961167124378
Bengaluru,84.02108896369084,2024-06-18,25.633080825865946,89.0350958477078
Delhi,149.42826293316418,2024-06-19,13.53428759400918,89.8117028484617
Delhi,73.4819088121715,2024-06-20,18.867063249568652,84.86218383207714
Mumbai,121.95283525344149,2024-06-21,18.035338662257963,96.41272001325558
Bengaluru,105.68907239583794,2024-06-22,8.785901255961944,82.88776258647084
Bengaluru,139.46080976527668,2024-06-23,8.725752916740657,79.41553129609683
Mumbai,188.62935307845643,2024-06-24,32.9509113102732,72.89106010794774
Kolkata,151.86297749784507,2024-06-25,16.19212429918437,91.58616956783175
Delhi,58.68926814633622,2024-06-26,23.542362987164463,90.03331796226774
Chennai,25.61296431103124,2024-06-27,16.961767207663193,79.53065115572404
Delhi,67.20752797396852,2024-06-28,36.220377353460215,68.75580241877688
Delhi,127.11402752604587,2024-06-29,15.778902765973212,93.16991983154033
Kolkata,29.256646427165062,2024-06-30,20.889704382168052,68.3425395036222
Delhi,109.34592449622254,2024-07-01,34.181907514538054,89.11099338887152
Mumbai,127.43171280504006,2024-07-02,33.25800700375426,97.1077132917817
Mumbai,80.16390034705294,2024-07-03,13.58304253538832,81.12983984444611
Bengaluru,158.76419667424796,2024-07-04,32.079299293871316,75.04920214987858
Chennai,39.187685564078926,2024-07-05,21.74560660213678,89.14613030130145
Delhi,33.524800712445575,2024-07-06,22.489066162560654,92.51384426046755
Delhi,151.0739761166486,2024-07-07,12.004399172478314,84.39290948233543
Kolkata,109.18843691711572,2024-07-08,10.41804541271374,97.01105825768438
Mumbai,143.9124313569925,2024-07-09,29.838179209212957,69.55006164973884
Chennai,98.26892094867432,2024-07-10,22.893834570658992,83.14386794913584
Bengaluru,64.35236598303922,2024-07-11,21.105521078455386,89.5536184196765
Mumbai,167.43841718135596,2024-07-12,29.8852468595719,93.87921413447538
Bengaluru,163.89485821441627,2024-07-13,30.96538696973329,73.3776683572337
Kolkata,145.04536475379683,2024-07-14,12.767245030080607,92.00010445291045
Kolkata,68.9861247013933,2024-07-15,26.30675448432924,84.58121227155635
Delhi,126.24152003643567,2024-07-16,12.060622468330566,79.89661045969889
Chennai,84.97530144920482,2024-07-17,30.54125258087137,71.9514508573728
Bengaluru,36.484773198794144,2024-07-18,27.708654688014185,93.95887276726737
Mumbai,185.1164435832037,2024-07-19,36.69843863250374,72.71819624539145
Kolkata,44.62735356541305,2024-07-20,10.068740490692635,77.29363577627298
Delhi,191.04272368774443,2024-07-21,9.71164163453763,76.70136595887311
Delhi,100.28103913243203,2024-07-22,16.465612240796005,94.14242102572562
Bengaluru,53.32392719095154,2024-07-23,15.851170512077179,88.18108982626694
Kolkata,117.54217052810446,2024-07-24,15.409363972159994,91.90044191574117
Chennai,177.1302504577535,2024-07-25,35.1876374156311,75.51403696377497
Kolkata,151.800479553721,2024-07-26,15.486385995485183,86.74622298820996
Bengaluru,165.18100661506094,2024-07-27,16.158491783858928,85.15237949431246
Bengaluru,138.58100600792912,2024-07-28,30.78194787253891,92.98491130364813
Kolkata,144.60978161321344,2024-07-29,21.492195273516202,95.18261181443782
Bengaluru,172.85521728175746,2024-07-30,31.301316708655435,68.36470314432161
Kolkata,64.94024159465347,2024-07-31,9.960984726931557,88.22059757176378
Mumbai,108.09649345576528,2024-08-01,22.62713581020153,69.55507397359187
Kolkata,59.817699527528404,2024-08-02,9.00840800549848,84.46575995232068
Kolkata,197.78024143939646,2024-08-03,9.879596103660635,76.62898187131034
Bengaluru,189.9306811435904,2024-08-04,35.19312360033233,77.20329798566424
Bengaluru,27.09682604633106,2024-08-05,12.177361133527855,78.58875510357069
Delhi,147.00353105282392,2024-08-06,23.972620468256515,86.6387734714883
Delhi,186.54469713481984,2024-08-07,20.332868078021196,78.02149897006308
Mumbai,52.50356212292004,2024-08-08,18.42029978776528,89.98097151770841
Delhi,122.2301414994733,2024-08-09,34.99500037061817,80.13582156721608
Kolkata,184.78789356584753,2024-08-10,8.654701903264685,70.05059600929876
Bengaluru,26.11027614544379,2024-08-11,27.913690585267673,91.51279527452321
Delhi,145.53564810443117,2024-08-12,36.901833026406514,76.57274973778118
Delhi,73.52282132705915,2024-08-13,24.805045503855258,80.98300638797788
Mumbai,186.39131516777547,2024-08-14,36.104673860992754,88.56331649665705
Mumbai,194.79048412976618,2024-08-15,9.567736378580713,77.97368471446136
Kolkata,189.9679680404181,2024-08-16,20.56379957222484,69.69756968440147
Bengaluru,105.35855899834348,2024-08-17,15.804733728861535,79.21763141038441
Mumbai,175.16767717807642,2024-08-18,29.924628949421894,96.33345748082911
Delhi,172.01889173631267,2024-08-19,37.4389127149174,87.25203191895675
Bengaluru,77.43808518378601,2024-08-20,15.695901873327434,88.14437446001621
Bengaluru,169.2047853471219,2024-08-21,27.625238044222233,86.9684646091292
Delhi,26.661374248788672,2024-08-22,13.942928982792203,73.9697641687831
Mumbai,127.32857812676954,2024-08-23,24.959907637148298,80.5500159230684
Delhi,61.40159071178655,2024-08-24,21.917974600650084,90.52819395089955
Bengaluru,41.70203943991019,2024-08-25,37.16015988894611,71.04118692659478
Chennai,33.85157629325765,2024-08-26,26.255818180893996,76.33558328269137
Chennai,145.33197965806517,2024-08-27,18.485191162604565,76.2895732539756
Kolkata,81.1774934782519,2024-08-28,11.422873546638002,80.96056782783518
Delhi,150.45801887517706,2024-08-29,12.537404862048037,97.41106222826555
Delhi,31.764141343809627,2024-08-30,14.759507898537052,70.02507640051466
Kolkata,76.75226080950986,2024-08-31,15.52899984020894,83.56102983141786
Kolkata,117.1084326275607,2024-09-01,33.51848173523413,73.38094046036632
Kolkata,162.33016967101344,2024-09-02,24.83668364847575,97.12029636229232
Bengaluru,77.37545052777259,2024-09-03,23.701727341230992,71.39910514182392
Delhi,132.66044775866163,2024-09-04,11.443066156076524,80.10803007084773
Bengaluru,179.4759946825137,2024-09-05,33.80419080048305,90.13654954503818
Kolkata,130.85537387281482,2024-09-06,29.68442909625451,89.13663284082335
Delhi,61.93270545565408,2024-09-07,10.030050857000047,80.68185910681797
Bengaluru,24.392140680176844,2024-09-08,29.23505291689306,78.39572503858155
Bengaluru,176.6177973021674,2024-09-09,24.30614652027938,79.92837135658611
Kolkata,23.828493953069685,2024-09-10,10.451760372403347,75.92828789475918
Delhi,177.4463010831559,2024-09-11,21.749019245859692,74.159988161204
Kolkata,115.20868412489816,2024-09-12,22.54088861390141,82.4911909267667
Delhi,189.03218573232132,2024-09-13,12.973236204898273,76.05601268202822
Chennai,163.78098243925976,2024-09-14,36.37094441000847,76.6238499469175
Mumbai,199.62813989600073,2024-09-15,33.49926114441986,87.70268190423671
Mumbai,83.12812678130783,2024-09-16,28.07067011987325,97.05611995099676
Mumbai,158.09389200760285,2024-09-17,21.868866830018217,86.10911601678126
Kolkata,92.3475644496636,2024-09-18,20.352966247535257,70.30938401194899
Chennai,106.37761165470359,2024-09-19,27.529204014528624,70.267508415622
Delhi,132.95098337930662,2024-09-20,24.362956082207162,96.54269662536697
Bengaluru,177.26188055354098,2024-09-21,9.868193176456568,76.91872370922
Delhi,197.13502445587312,2024-09-22,23.37507946310995,70.76200958247426
Bengaluru,158.28921449561327,2024-09-23,32.192108516985186,85.97133761451144
Delhi,95.19802079012008,2024-09-24,21.77719632790874,86.70946334870798
Chennai,95.84426040987263,2024-09-25,9.558697326628053,87.45514460356064
Bengaluru,152.76481428600047,2024-09-26,31.588345981520995,76.02206083572624
Kolkata,62.97988623829442,2024-09-27,14.040913464079232,68.45332052643425
Delhi,39.88534036365104,2024-09-28,15.758625046641164,96.95046108363415
Delhi,83.83198837533978,2024-09-29,12.941190602968877,75.52679137073308
Bengaluru,71.70301849773472,2024-09-30,17.906451946144927,88.28078864157642
Kolkata,73.33546168207822,2024-10-01,30.70254517065905,89.1988960963613
Kolkata,62.04939518898379,2024-10-02,23.58157578511812,86.30022251238458
Chennai,27.57677413454514,2024-10-03,14.146438224521376,77.38722182640944
Kolkata,23.217308252014487,2024-10-04,34.33490234456123,76.13288761292198
Kolkata,197.79003015248568,2024-10-05,34.387455648545874,85.93004848108109
Kolkata,96.99916407245522,2024-10-06,34.11735275138021,93.98286900835075
Mumbai,89.1787964887427,2024-10-07,15.16388634144618,96.40201186770187
Chennai,142.33651088475256,2024-10-08,21.537180325429645,71.17717413211273
Delhi,59.28569981571155,2024-10-09,37.54968968422625,72.6448583779316
Bengaluru,190.99301311104057,2024-10-10,31.16037428929971,96.34208776349239
Delhi,161.54210259479936,2024-10-11,8.815022636766795,90.09605685004378
Chennai,36.09398041620671,2024-10-12,9.956137737814762,94.4898147448932
Bengaluru,95.1645396412871,2024-10-13,21.917941304369982,74.07897902406029
Chennai,178.24129536118966,2024-10-14,35.27660617584681,85.62757613328205
Kolkata,190.05176401245384,2024-10-15,24.161053938581425,89.03418783252421
Bengaluru,104.13227202497654,2024-10-16,22.934375241028707,88.40335656340918
Kolkata,130.4140500579274,2024-10-17,11.164210998698918,80.24455072600094
Delhi,50.06611029657354,2024-10-18,27.70340314172882,68.46184675073926
Delhi,198.41035270465576,2024-10-19,32.66309481800677,85.4877817041279
Bengaluru,61.70090624901981,2024-10-20,19.412600225226868,75.59304617538827
Bengaluru,189.69171934432262,2024-10-21,31.268355527759823,81.5076273842867
Chennai,136.93639681862632,2024-10-22,36.93429961702435,96.72743045251451
Chennai,129.39262307819465,2024-10-23,14.112993773830674,79.97105952927305
Kolkata,112.28393198297155,2024-10-24,23.69988893584224,93.19404819993281
Bengaluru,61.520566109196565,2024-10-25,16.614138742537264,73.65621817247754
Delhi,51.77504576099149,2024-10-26,31.78563257101518,88.17381494075087
Chennai,59.68751763263156,2024-10-27,25.327800976434727,97.3102086331683
Chennai,53.558887185965816,2024-10-28,27.037472526509113,71.0567930261881
Delhi,160.32520524201558,2024-10-29,31.93742478847682,68.24959826681577
Chennai,83.02254665001142,2024-10-30,19.879114179873646,81.00748377897843
Kolkata,30.411681781411346,2024-10-31,35.45270205221129,70.77876449154101
Bengaluru,194.43847342534605,2024-11-01,23.9908660173842,90.45153049028694
Delhi,179.08145929341663,2024-11-02,12.73864468506044,95.43645991545677
Bengaluru,186.99541097513833,2024-11-03,28.876973545064075,81.02062918126276
Chennai,199.08340807635835,2024-11-04,31.797840513147634,75.76134926466322
Chennai,51.301144859507716,2024-11-05,17.5028503120258,81.0320995701983
Delhi,91.32356340247857,2024-11-06,33.71537770996259,89.70343453550004
Kolkata,156.48292562673643,2024-11-07,35.18429764297299,68.27162484741113
Mumbai,145.2837112496826,2024-11-08,16.307134621334267,85.68361968454091
Delhi,47.70126314117391,2024-11-09,37.50564418145666,86.39875054662137
Mumbai,166.84996249831119,2024-11-10,12.221345841462753,87.13064740687807
Mumbai,60.39930293059892,2024-11-11,14.060470052074699,75.26066239942631
Kolkata,60.28717066807216,2024-11-12,13.526745177140784,89.4215817013438
Mumbai,116.65539612081444,2024-11-13,34.819691300236116,70.7417445899533
Mumbai,126.72918827150657,2024-11-14,27.628776569748855,73.97811009400402
Kolkata,124.41551741080602,2024-11-15,12.563128496668186,94.32410139963446
Mumbai,36.467630731595875,2024-11-16,21.20970255105047,90.16169452179699
Mumbai,177.94295527346847,2024-11-17,26.458940752094062,68.41236662034036
Mumbai,67.8080076659671,2024-11-18,10.503922549681498,75.451287811094
Delhi,43.312685830904755,2024-11-19,34.472491052220164,74.43219448979494
Delhi,179.97465437641588,2024-11-20,32.108106063246055,76.12418984110917
Delhi,192.0172696813556,2024-11-21,23.156203207299146,75.4267931083966
Kolkata,175.1829711077811,2024-11-22,37.01379845777511,69.87578887228537
Chennai,165.71289345047805,2024-11-23,20.53282937825299,81.7682154979046
Mumbai,137.94355651502391,2024-11-24,37.523309571094934,89.98200424358495
Mumbai,119.15432670964508,2024-11-25,28.03759996410881,86.20195174152309
Kolkata,35.65761678405383,2024-11-26,27.040138197618244,88.1861500579424
Mumbai,93.52157835272577,2024-11-27,12.97864685887355,70.43447535608718
Delhi,87.08393306221652,2024-11-28,34.45783274913932,96.54472130530363
Chennai,66.7556810768587,2024-11-29,20.824690637618453,93.15475501529075
Bengaluru,150.2156204639453,2024-11-30,12.867002173474381,92.15270955486989
Mumbai,109.25763231417875,2024-12-01,8.37822559927277,92.68951415125302
Delhi,34.58831886337663,2024-12-02,24.792670509151478,95.98131524398283
Bengaluru,59.63297635096604,2024-12-03,23.82198866368029,84.32761898341093
Chennai,142.98657745872725,2024-12-04,29.580608671074756,74.00846053602878
Bengaluru,33.70355470825403,2024-12-05,34.70774159053406,86.50350823557623
Delhi,173.21724452877837,2024-12-06,10.382197539290885,90.28644481003818
Bengaluru,109.12637486251538,2024-12-07,29.94489471021087,90.13752180062076
Kolkata,106.50558391879665,2024-12-08,13.622358322927466,83.64347072500641
Bengaluru,126.63340123871316,2024-12-09,33.74531159471492,70.05376158000735
Mumbai,168.44257386652686,2024-12-10,32.571905415849685,79.13338815290383
Mumbai,82.60565742239476,2024-12-11,24.22381264956633,95.62299825390072
Kolkata,142.04290746063145,2024-12-12,29.307283958699344,85.53346729272278
Delhi,121.8317535192424,2024-12-13,17.430503395512453,84.1499582976714
Mumbai,68.06508863049584,2024-12-14,22.13503696798444,76.0656054314658
Chennai,178.15339754392843,2024-12-15,32.64910693131415,79.05346759749736
Mumbai,163.53668388924706,2024-12-16,21.777955915196415,94.86038267459509
Mumbai,138.52133023851658,2024-12-17,18.733947959763256,87.99389142580507
Delhi,173.10471123696354,2024-12-18,22.826373417508997,91.62161080256999
Bengaluru,176.11295617276443,2024-12-19,32.84747757311655,81.63036269202965
Mumbai,147.50533580870626,2024-12-20,18.05624142112618,86.90741658368474
Kolkata,170.66239910546096,2024-12-21,13.212847794072314,75.45150826229623
Bengaluru,145.54486310047105,2024-12-22,29.360420609923423,89.16382490850458
Chennai,142.42533891685406,2024-12-23,32.779346381242455,80.82804001110011
Delhi,131.35004807873318,2024-12-24,11.019124355706,81.27636544444236
Chennai,155.48899512037542,2024-12-25,15.196223382678342,87.47966973730645
Bengaluru,48.54891895275327,2024-12-26,12.259159692829817,96.0884186440678
Bengaluru,178.55673665580713,2024-12-27,18.438242347465,69.92019039825863
Bengaluru,176.93183499414175,2024-12-28,21.510529367162377,92.74229712041023
Chennai,25.264510946220646,2024-12-29,30.464790108899194,76.77149331236579
Bengaluru,168.64701510165727,2024-12-30,27.534427546450225,81.31758363519134
Chennai,43.196576145220135,2024-12-31,26.627857024352934,68.65739986325026
Bengaluru,80.32139376664554,2025-01-01,18.571248398289633,77.03138233502939
Kolkata,153.8314861324894,2025-01-02,33.2434265925428,83.07893727890391
Bengaluru,48.93678128869548,2025-01-03,22.138615021944936,69.68528232042317
Chennai,167.2340643414312,2025-01-04,37.37314814045463,82.73287188149496
Mumbai,169.78415203239354,2025-01-05,27.024264148872106,95.81331886575282
Bengaluru,111.34419207695052,2025-01-06,11.787942246935081,71.16179654323416
Mumbai,21.149456909030043,2025-01-07,28.28532686226302,90.93322184226513
Kolkata,71.6668639714843,2025-01-08,17.753120462950967,80.29013160127978
Delhi,131.0468453076336,2025-01-09,28.589815900582924,87.65521143573014
Kolkata,196.61351204493621,2025-01-10,10.089234444872172,75.80709793955688
Bengaluru,133.7264348630003,2025-01-11,13.246443115278781,72.78476787624075
Mumbai,66.76464459154877,2025-01-12,33.67211776717359,72.81387842813679
Mumbai,134.12102655793004,2025-01-13,14.815386710705447,70.11475836929434
Chennai,117.19736834885398,2025-01-14,33.111233757288204,73.5694011470373
Mumbai,160.37217112720586,2025-01-15,16.37828265363231,87.92658154966905
Chennai,39.256514988852516,2025-01-16,27.286457301761228,94.45071835530524
Delhi,156.98502245036505,2025-01-17,28.82451720529493,92.42377056773486
Bengaluru,117.42798416169985,2025-01-18,23.379642594351587,88.55402929623452
Chennai,193.33856069461905,2025-01-19,17.15932030090194,71.31295590233307
Delhi,81.5369898869635,2025-01-20,14.379331291132884,76.67562338887849
Mumbai,133.87194076411066,2025-01-21,8.995680636872788,77.29420625967407
Mumbai,187.76505899180313,2025-01-22,17.118392037221714,75.49870839192863
Delhi,38.451751038322264,2025-01-23,27.59488371593849,83.4501697912917
Mumbai,188.7011277025612,2025-01-24,36.14914455345448,84.06661444639018
Delhi,143.8194300141464,2025-01-25,34.136134467891566,78.7065792551333
Chennai,32.21067063893094,2025-01-26,30.98194329605908,78.61367476209308
Chennai,74.17344205042693,2025-01-27,31.65342029759896,92.85666793718244
Delhi,147.47097595615068,2025-01-28,27.94954710427986,91.67878544959056
Chennai,32.12310826437891,2025-01-29,15.80860572698009,77.23387495042238
Chennai,124.79068283172919,2025-01-30,35.21585092117489,95.41365331619778
Chennai,82.25895025153221,2025-01-31,28.121969357175022,96.58445051007519
Kolkata,131.76479319814587,2025-02-01,24.8132189294132,77.80227626090122
Bengaluru,28.233566086252313,2025-02-02,11.329684076404433,78.63274846379164
Mumbai,176.87662510742774,2025-02-03,21.411666314192765,83.16902460265877
Kolkata,195.22801445193144,2025-02-04,21.81074813605779,96.2336243760102
Chennai,194.39801395142447,2025-02-05,33.936908285680104,94.28958299426935
Delhi,154.93732971372646,2025-02-06,24.399446605633653,71.07703887750769
Chennai,43.41552322351376,2025-02-07,19.412016469112288,79.78192229814249
Bengaluru,156.48737526722405,2025-02-08,37.30400985531978,84.60113569249316
Chennai,24.425644962584272,2025-02-09,11.32161779978947,83.0939741765462
Delhi,23.982239275219506,2025-02-10,20.676452849358338,73.81589203810678
Bengaluru,78.24983944691743,2025-02-11,9.260740255142158,93.76450313504463
Chennai,107.95577427283983,2025-02-12,30.19712362300791,88.30822348990512
Bengaluru,158.67333520540276,2025-02-13,35.54229656597452,93.13725124555411
Mumbai,142.99316778917094,2025-02-14,16.401119886514685,93.76292838048417
Mumbai,100.2624871478147,2025-02-15,33.75025030397363,90.4506756099722
Chennai,69.25279993069987,2025-02-16,16.766546913856935,81.17631803749151
Bengaluru,199.48241002838802,2025-02-17,35.32310484931746,86.31640265046273
Delhi,96.71263440247513,2025-02-18,30.61885710790352,72.8109621835923
Chennai,101.24966437934158,2025-02-19,32.14720330524316,88.20936252424723
Mumbai,49.45228781450045,2025-02-20,8.540196668013635,73.37759767217842
Mumbai,163.0657187749873,2025-02-21,36.88431071222078,88.81848771530471
Chennai,144.86280064066796,2025-02-22,29.800129762109698,74.88794482261906
Bengaluru,59.73853030197687,2025-02-23,17.142532861584,71.5265390045066
Mumbai,34.828588210851684,2025-02-24,32.88183994576541,72.95853470428872
Bengaluru,142.48987437344834,2025-02-25,16.445635952447898,68.0597640565721
Mumbai,137.81201857060432,2025-02-26,34.18261518698384,89.56218853560591
Mumbai,69.18671485967768,2025-02-27,11.37741171235811,89.97203147175136
Kolkata,191.15544120507386,2025-02-28,29.110579323823874,83.44800049739779
Mumbai,47.19042052056204,2025-03-01,24.22095429934731,72.84088403166152
Delhi,97.82026418766834,2025-03-02,10.896034105863224,70.5066301253207
Chennai,189.8508656301678,2025-03-03,15.25681484776517,68.57386899311861
Chennai,95.55091704670201,2025-03-04,8.372121088319444,72.97244530895662
Bengaluru,134.9346705795354,2025-03-05,22.063038963935174,94.72566604949441
Mumbai,91.56699163330298,2025-03-06,17.03795782280001,75.24610525105045
Delhi,69.35873642276061,2025-03-07,25.950724528932763,78.62813981651647
Bengaluru,197.11597663276908,2025-03-08,16.917134231258515,71.16036453443999
Kolkata,93.68012113670774,2025-03-09,16.99757334520954,74.6708391424451
Bengaluru,180.9378566622442,2025-03-10,30.2957959619481,83.57673712340616
Bengaluru,61.391829060395516,2025-03-11,9.444285079350603,86.23258049286957
Mumbai,58.358846724515,2025-03-12,35.08684985575962,75.36056942498634
Kolkata,25.604134919212044,2025-03-13,33.567916231735445,69.73196477675351
Bengaluru,137.3000285676593,2025-03-14,28.034140496792194,79.73098607382195
Delhi,86.334741870277,2025-03-15,25.796647103221527,75.02610112779003
Delhi,175.58448497113466,2025-03-16,34.76907494418957,74.58661769689405
Chennai,105.17778320448029,2025-03-17,13.559905385861434,96.79588408140366
Kolkata,194.2748170246499,2025-03-18,10.369074865724858,86.48901457777173
Kolkata,53.394592826561805,2025-03-19,15.185305097286143,84.70635329516287
Chennai,176.35217023200994,2025-03-20,31.83734836100571,80.47325310569965
Bengaluru,159.78743350251352,2025-03-21,9.0401080017945,80.86833000290433
Kolkata,158.76593203592935,2025-03-22,25.484205052504688,84.22715011514242
Delhi,172.06098106103977,2025-03-23,37.8631254857393,88.89289421108322
Delhi,156.9843183697398,2025-03-24,33.670882815126184,89.06438288545488
Mumbai,132.71965789365476,2025-03-25,23.643370671307686,73.15081723116349
Kolkata,43.62407798282976,2025-03-26,9.909227278599271,83.00338256229881
Bengaluru,25.854712308425345,2025-03-27,32.94120543157129,80.35874285102307
Chennai,185.75261260682365,2025-03-28,25.969355245316315,94.11580898808153
Chennai,130.99705661373287,2025-03-29,11.447989911787005,86.94256763655129
Bengaluru,163.37671237571175,2025-03-30,10.815718544700687,83.97512199247946
Mumbai,106.674023272259,2025-03-31,35.28880458309777,71.46183926536752
Chennai,41.11547401323101,2025-04-01,28.076007888142353,86.16913667970235
Kolkata,42.53344259645908,2025-04-02,32.87860397950267,71.516117170407
Mumbai,143.40175170121483,2025-04-03,34.36936700846802,78.11619726697256
Kolkata,97.45506108190328,2025-04-04,25.153170561449667,72.28525894442996
Delhi,56.09445080606061,2025-04-05,23.523390552651236,88.76220941073106
Mumbai,108.48701841345864,2025-04-06,20.912822309629703,74.18756341508458
Chennai,31.557608673524136,2025-04-07,17.50839763373358,79.75578119564078
Mumbai,124.75485234459178,2025-04-08,21.037878825761354,94.87024332856336
Mumbai,68.41881279831759,2025-04-09,31.216389671904693,74.12949150196911
Mumbai,163.56063811469386,2025-04-10,26.057702930453946,83.23415191876337
Mumbai,75.86515260624327,2025-04-11,34.775698698645385,80.57814983498066
Kolkata,101.93962683472421,2025-04-12,21.301400431375633,68.54372123137189
Delhi,22.091697183458116,2025-04-13,26.212687361562622,91.78274340718438
Bengaluru,33.0404398030206,2025-04-14,26.93922659275966,70.071377189438
Mumbai,90.64884015320327,2025-04-15,25.750914869189767,82.22765062930861
Chennai,106.38899024908223,2025-04-16,29.07901319256549,84.82034884816849
Mumbai,128.0036986614747,2025-04-17,15.123004051244187,86.85279369843761
Chennai,72.49926416767458,2025-04-18,23.370913326373717,88.65894887923626
Kolkata,145.09673950277767,2025-04-19,11.12674408425043,75.59817150568145
Chennai,174.82203149405683,2025-04-20,19.535339829344377,68.29936329975348
Bengaluru,160.37317800080297,2025-04-21,22.63001205863793,89.70330987064736
Delhi,27.131388562704288,2025-04-22,27.566727786364176,84.06969798042735
Chennai,106.49125050640922,2025-04-23,36.5159315775861,93.08353109621746
Chennai,38.88743211527148,2025-04-24,26.019531996450677,92.64165088702083
Delhi,63.56810285525494,2025-04-25,30.307817485296795,93.2997850336365
Bengaluru,197.59926678808637,2025-04-26,23.187981784856085,82.5528397993862
Mumbai,45.649197722272376,2025-04-27,27.02312094128994,78.00885187510598
Chennai,109.79986762124409,2025-04-28,10.127966484013204,91.74674607774111
Delhi,131.26803217726143,2025-04-29,15.631747425255409,81.53882339087765
Kolkata,146.44369469793872,2025-04-30,18.855592796154163,73.50326589210303
Delhi,120.73676302764454,2025-05-01,22.174800650195408,93.64922058684422
Kolkata,21.75875253545306,2025-05-02,9.369462365071513,94.47679630317042
Bengaluru,78.76303548391854,2025-05-03,12.20072292659953,81.98929268420511
Mumbai,113.18809580924805,2025-05-04,16.30442923373917,70.27099181929363
Delhi,35.815969846070004,2025-05-05,37.14598072703152,79.63478269750794
Chennai,83.11284761765253,2025-05-06,17.940410213091525,92.1061297838781
Bengaluru,25.97655958244598,2025-05-07,22.461231743362475,95.05322085638686
Delhi,34.14412948790373,2025-05-08,13.882931382151789,74.10418227492788
Chennai,91.4461897162873,2025-05-09,26.32340213227305,70.00920836075815
Delhi,43.88883572775086,2025-05-10,16.42049646547923,94.32051359398517
Kolkata,122.15735268708046,2025-05-11,14.209777353152804,79.68214816936626
Delhi,144.10369444470783,2025-05-12,23.497178853379374,84.2528289280269
Delhi,164.1056058396349,2025-05-13,8.165173974812625,97.04197436152276
Delhi,56.02704396406582,2025-05-14,8.22992097947676,69.99694183742669
Bengaluru,50.14686480663256,2025-05-15,14.572064273055734,87.44954022356286
Delhi,38.82221126019205,2025-05-16,9.101640875024634,70.22316267724601
Chennai,134.5574449178546,2025-05-17,11.24077262392074,79.26406785399502
Kolkata,147.1656307676422,2025-05-18,18.165819480162547,92.1144363558034
Kolkata,25.685506068615567,2025-05-19,32.07757038739439,81.00416698266903
Delhi,188.51820432386415,2025-05-20,25.161459301079024,97.91547061708852
Bengaluru,29.354831057265034,2025-05-21,23.38003177869249,84.77177854839806
Bengaluru,117.43334035419268,2025-05-22,16.80466469624365,77.63486457907861
Chennai,147.63089350116496,2025-05-23,35.95261158298449,74.6033397771426
Delhi,176.7744422742954,2025-05-24,19.91045123711575,78.51561602858486
Kolkata,148.535647783837,2025-05-25,10.612783003873144,79.17599821278652
Bengaluru,164.31105495256253,2025-05-26,26.511995483534037,70.06141033171883
Delhi,81.1010346577051,2025-05-27,11.415151804298041,79.08722598280319
Bengaluru,166.6685204743722,2025-05-28,18.35669428405076,81.92715559217675
Bengaluru,34.42067234924153,2025-05-29,23.222358161534267,89.68213256716413
Kolkata,181.06699809089497,2025-05-30,34.22667574055527,87.70188454164824
Mumbai,118.56662770767252,2025-05-31,22.80639741020356,89.26296965687463
Chennai,167.11359859324887,2025-06-01,29.06776298094993,68.25091045630572
Chennai,101.41729121329402,2025-06-02,37.78450516997211,74.53002198741608
Kolkata,135.8439851353745,2025-06-03,11.944673596939449,87.85052865199569
Bengaluru,114.75247896850038,2025-06-04,16.241945765585584,82.51968104539242
Delhi,151.68611391595974,2025-06-05,19.837282267929393,68.15940427005037
Bengaluru,34.69339676550612,2025-06-06,20.65484535616494,92.13483927295468
Kolkata,30.863375118301484,2025-06-07,20.33063225796637,91.18428719871012
Chennai,64.47858212182636,2025-06-08,35.22833007669665,84.45257488980688
Bengaluru,48.718042420373905,2025-06-09,29.420979334005693,69.99389977328816
Chennai,176.9210419865963,2025-06-10,26.237156422721114,90.99545148597754
Delhi,59.45851772444798,2025-06-11,17.281181535883462,85.51140763194093
Chennai,195.65574604744364,2025-06-12,32.71371152663884,91.45879931473877
Chennai,80.64124251879923,2025-06-13,36.65181534454967,90.5524097718752
Mumbai,52.78122482396587,2025-06-14,32.6359484765068,92.09006215873512
Mumbai,162.14573128564624,2025-06-15,8.046953155744188,83.54024199213875
Mumbai,138.56739959015772,2025-06-16,27.09204110550221,72.20973554580544
Chennai,109.67522896156501,2025-06-17,9.534061443263022,88.13472420139067
Kolkata,119.96543916877363,2025-06-18,15.728216610011655,86.61421355155912
Chennai,149.45632008900748,2025-06-19,9.785741010433151,90.26759561597262
Kolkata,61.12185343963377,2025-06-20,26.11386358848163,73.09643018152207
Kolkata,199.34010489021355,2025-06-21,28.597697404778202,73.84925599700868
Mumbai,195.46276918642096,2025-06-22,11.434629141977155,94.71228551657985
Bengaluru,137.05862354244863,2025-06-23,19.515166491349383,90.49933395356213
Delhi,55.917641167246124,2025-06-24,21.687095268666262,95.24685466100969
Mumbai,142.44108363763243,2025-06-25,19.071590652827496,90.76145963491763
Mumbai,32.99571361625165,2025-06-26,11.63075001455579,85.91465917970905
Bengaluru,25.517450397045092,2025-06-27,20.568433705624262,87.62398211083621
Delhi,66.38291993201847,2025-06-28,30.535341434252544,94.6738377182003
Chennai,103.27213221307693,2025-06-29,10.130229935997665,85.36420263535821
Chennai,176.2890509735085,2025-06-30,10.405400422457102,86.97173972985162
Mumbai,150.89043255793544,2025-07-01,18.643138755079526,72.69430148010802
Delhi,153.68717381599657,2025-07-02,36.25177134856775,82.21763660348309
Mumbai,96.58880020065357,2025-07-03,28.05717940168742,89.49191335874298
Kolkata,82.26829865845332,2025-07-04,28.360098700176945,76.12828094949096
Mumbai,86.78697733722849,2025-07-05,18.857599725135948,74.06762541573605
Mumbai,197.77692147249041,2025-07-06,25.809823736256153,77.41480424673247
Chennai,27.219654454246847,2025-07-07,8.303935520832301,75.245018839785
Chennai,176.06566930204073,2025-07-08,27.082881392286268,74.44737911109188
Chennai,124.16157354303081,2025-07-09,35.3986084272871,80.74552528604261
Kolkata,98.95077545412629,2025-07-10,26.377204050344574,95.23515541650602
Chennai,150.54637887472458,2025-07-11,34.210957803990354,83.21178940216154
Delhi,107.60040945644651,2025-07-12,29.719191663982816,73.63761142445969
Bengaluru,177.2161828546989,2025-07-13,11.616752492110708,70.30915008142622
Delhi,182.12633552202652,2025-07-14,35.073599218575254,88.88468435413776
Delhi,95.90976683722198,2025-07-15,9.993315330673246,79.48396293309163
Chennai,69.82900350230929,2025-07-16,24.019024176432914,92.65492839756078
Bengaluru,126.6230591468052,2025-07-17,12.26411371380373,87.7853230592231
Bengaluru,184.22540221100436,2025-07-18,8.351198321927122,91.88724351624106
Bengaluru,57.91919402101998,2025-07-19,20.66102780382917,76.15838118255346
Kolkata,132.1339850414269,2025-07-20,16.851221229624688,88.77076767383174
Chennai,133.6808396166537,2025-07-21,22.58001481392809,75.92185954081157
Bengaluru,151.96034403475056,2025-07-22,25.315996602036524,96.17205438350875
Kolkata,43.682183322906766,2025-07-23,9.31217216926842,87.09122844600122
Mumbai,148.84849364277594,2025-07-24,11.69009885371237,77.73535400526026
Mumbai,183.62585371981538,2025-07-25,24.75927189351276,76.08535586876818
Kolkata,52.34295959664355,2025-07-26,18.295020595179746,73.7277975521493
Kolkata,62.75779848629797,2025-07-27,29.87520462648344,88.83922876681183
Chennai,194.85111692749513,2025-07-28,27.56874945775819,74.56146838993782
Chennai,52.57585148770816,2025-07-29,33.368130889697206,85.85909797782467
Mumbai,173.78931680652425,2025-07-30,28.77478480007676,75.93905080776072
Bengaluru,108.61001416064626,2025-07-31,20.897932321704445,87.85906834381606
Mumbai,64.50159339257186,2025-08-01,28.188998671832973,92.44819185621617
Bengaluru,176.73498222905206,2025-08-02,16.261435227662556,91.3407572943396
Bengaluru,100.15494590047979,2025-08-03,17.18940496334638,90.82553992792344
Chennai,112.66712370734423,2025-08-04,31.6695547976238,73.63167217076756
Delhi,84.66200649195783,2025-08-05,21.392585492047466,70.65154840953556
Delhi,126.73115325828694,2025-08-06,31.951410215550574,88.96846485462157
Kolkata,49.434297065304094,2025-08-07,32.67267121004835,79.05041641383053
Chennai,90.39467659731693,2025-08-08,33.72687012983852,80.97038679210041
Bengaluru,194.49421802035175,2025-08-09,35.49905707523622,68.93447278380174
Delhi,66.46401788620295,2025-08-10,20.929556615398887,75.78729347825147
Bengaluru,138.2125996174326,2025-08-11,17.566004549634165,69.01029211623393
Delhi,78.53421156044507,2025-08-12,25.465962397823414,94.37557317803743
Delhi,159.22516262358812,2025-08-13,19.135172703128827,75.30190049655592
Delhi,43.55725892930297,2025-08-14,26.03222500400699,84.72011508719024
Chennai,194.56778811413804,2025-08-15,29.16757587931474,69.16937961983392
Mumbai,101.68211744905507,2025-08-16,28.652150554764106,88.00542173916975
Bengaluru,62.48908340236351,2025-08-17,19.23658661060364,77.69082037262282
Chennai,33.229414519402276,2025-08-18,13.005806050962585,94.93757560872997
Chennai,50.55642291575734,2025-08-19,20.915880153866226,94.64354566802108
Chennai,113.55931074008318,2025-08-20,12.277824322457262,77.75871855085244
Chennai,80.66057175763154,2025-08-21,34.70291105551425,95.02882687071404
Chennai,169.1990058588697,2025-08-22,18.376323822135724,97.88473020496336
Kolkata,97.55975425912507,2025-08-23,12.633792416699713,92.76246992371844
Bengaluru,64.76856906577339,2025-08-24,8.763432797172527,93.34614043265687
Chennai,131.0860975887254,2025-08-25,27.374671588594527,75.4702620832727
Bengaluru,147.21989903938027,2025-08-26,27.1070695236423,85.30107196573269
Kolkata,50.06754342217097,2025-08-27,18.21812499743875,70.01767741902104
Kolkata,50.17145893189718,2025-08-28,10.15135666542953,70.84753810465008
Bengaluru,26.600856848037736,2025-08-29,20.288866846856962,97.96677836099872
Delhi,152.5523627118153,2025-08-30,17.336524851901807,77.79917748277732
Mumbai,139.48481497192492,2025-08-31,28.313619192050282,90.44551736146539
Delhi,105.4335576349665,2025-09-01,26.173377483580712,92.19995159080449
Delhi,171.9506808144555,2025-09-02,18.9378118459262,93.74069813021688
Delhi,165.02062753100958,2025-09-03,14.536776627649703,97.9288489220647
Chennai,125.3637855914154,2025-09-04,37.64107898466776,75.24489455770603
Kolkata,176.28883049238655,2025-09-05,21.620048635883446,69.210524805791
Delhi,57.05141780661828,2025-09-06,28.64822707340711,80.33574553983757
Kolkata,40.145531491591015,2025-09-07,12.216589027350823,71.9024200948684
Bengaluru,68.55493007305813,2025-09-08,22.567690989781934,68.67277667486165
Mumbai,30.275634096076672,2025-09-09,8.826101596083964,78.81280481424459
Bengaluru,115.61051504018576,2025-09-10,23.1636535373135,91.51214753225709
Bengaluru,188.58902461309307,2025-09-11,36.92052221353107,84.98542073675213
Chennai,27.081837320331736,2025-09-12,19.526201389574005,77.38333967631063
Mumbai,41.979784521804824,2025-09-13,9.169880377247347,87.63026016478159
Bengaluru,101.39582509101835,2025-09-14,8.928673727580305,74.96054540926433
Bengaluru,188.09750315502288,2025-09-15,19.639602798406084,68.43144338216256
Mumbai,76.9080988958151,2025-09-16,12.800748093895821,90.93060159309282
Mumbai,111.30226556391064,2025-09-17,8.700562889845578,86.71229254592028
Bengaluru,27.483114629070577,2025-09-18,30.686408418505305,90.86907873502881
Mumbai,46.70177617317599,2025-09-19,21.75569026645672,69.16814050062997
Bengaluru,197.59342213259245,2025-09-20,16.677343159179635,93.11358883491957
Bengaluru,193.72136535848819,2025-09-21,35.002495490494425,86.5857860010891
Chennai,20.889196568193732,2025-09-22,11.484168806015768,84.9018605213792
Delhi,191.326121376183,2025-09-23,36.67756486865957,86.73842144343595
Bengaluru,135.04158880679006,2025-09-24,17.419001521320585,93.93299740605093
Kolkata,176.225293013604,2025-09-25,34.65211016926044,85.60809519676721
Delhi,101.85317401409463,2025-09-26,26.088286294383845,85.42851139664538
Delhi,112.80728514426504,2025-09-27,32.80122079224462,97.72037471197297
Delhi,107.99238444624564,2025-09-28,37.52039489631393,90.70190501205704
Chennai,140.03556635829878,2025-09-29,16.65216313456237,81.26881416353406
Bengaluru,45.137225856136325,2025-09-30,36.83406456222779,89.22191000098783
Chennai,25.39524617708203,2025-10-01,19.68445684707261,79.67691415075366
Bengaluru,75.42738948641437,2025-10-02,19.565357142107672,74.86626387450497
Chennai,146.8425372925964,2025-10-03,18.21161312763517,85.90555630663277
Chennai,56.33362138213071,2025-10-04,24.242228220427556,95.84546294341854
Kolkata,141.21783799848512,2025-10-05,12.624351295354613,95.87418560046387
Chennai,194.5841682993087,2025-10-06,24.611344560740335,78.2571583431647
Mumbai,36.90212884209531,2025-10-07,24.25114437230012,83.83032398665085
Kolkata,141.06838128052271,2025-10-08,30.8570543781461,74.34907695709583
Chennai,99.87503947482281,2025-10-09,33.00949885812757,97.8689332849665
Delhi,176.26560578795096,2025-10-10,21.21324050937272,97.43353723603806
Mumbai,51.88696210052946,2025-10-11,17.069997480544814,87.48526789122342
Mumbai,144.67267140070962,2025-10-12,15.780046919512834,92.1324217903242
Mumbai,170.86075213665984,2025-10-13,13.838715101146157,89.45300483851099
Kolkata,190.0305595053242,2025-10-14,9.729427465970746,85.79474657118405
Chennai,142.98464509213625,2025-10-15,18.273439365041398,69.60043990966693
Chennai,109.49145752151692,2025-10-16,16.107430763923496,81.64293027657983
Delhi,131.21250323621848,2025-10-17,36.99252157599222,88.24358906502232
Delhi,176.40289720616929,2025-10-18,24.731264787501317,88.32594841651054
Mumbai,122.70975439498935,2025-10-19,18.418311170915224,79.19367855267151
Delhi,25.469670745430633,2025-10-20,25.41402802981088,96.25075959974092
Kolkata,187.57076519125602,2025-10-21,12.175901040370865,73.02071096710343
Chennai,144.114815185681,2025-10-22,21.321312476066087,83.01078338646681
Mumbai,141.77240943990438,2025-10-23,26.787029642631914,88.72651929652469
Delhi,58.82152743158909,2025-10-24,22.66693495377354,88.91407417675427
Kolkata,138.59938464187832,2025-10-25,20.053364019629726,87.45916870306446
Kolkata,90.89559301774852,2025-10-26,37.815451666990946,76.2586464035558
Delhi,137.22193586746857,2025-10-27,34.409442864467806,72.68619706059866
Chennai,39.18674545543833,2025-10-28,26.702178744783204,87.07820980480133
Delhi,138.41215482854648,2025-10-29,25.081320835468482,85.97906348418313
Mumbai,199.89447063871998,2025-10-30,26.61981439473752,73.38068030867723
Delhi,28.678166994900085,2025-10-31,14.039363234672997,89.1541743671169
Kolkata,195.8913531598371,2025-11-01,19.85413229792956,81.6551597520097
Delhi,93.24343293011671,2025-11-02,9.18378598672698,88.03281774809459
Chennai,176.73562106070665,2025-11-03,22.2663811246048,93.12101239310452
Bengaluru,160.8293871304892,2025-11-04,24.290737518729895,73.0918528573077
Delhi,122.0629269776002,2025-11-05,14.832492083096287,68.5743460399051
Chennai,152.92085766523877,2025-11-06,36.92086541496541,91.3730775918736
Chennai,178.13280103424262,2025-11-07,35.28363832811726,86.29092275457847
Kolkata,92.74525789718594,2025-11-08,29.664297063677175,88.98918708866366
Chennai,78.86596908138296,2025-11-09,24.001598862960876,93.14464924965928
Chennai,140.16680940144525,2025-11-10,34.099074789430546,92.08432804473502
Chennai,165.41226954942655,2025-11-11,11.919570314703886,96.82760440786474
Chennai,157.21132425979084,2025-11-12,31.71529382824655,84.07805236556355
Mumbai,163.60645679455422,2025-11-13,11.744624419005449,82.65486897979716
Mumbai,98.40499666632795,2025-11-14,31.826319876482163,80.0566159967219
Kolkata,167.2101589115039,2025-11-15,16.273027047540708,72.61073128532614
Delhi,41.63762996670952,2025-11-16,34.31271743054567,85.17821698646067
Chennai,118.00803763295292,2025-11-17,36.32126281476194,76.31037572977937
Delhi,21.036558889661883,2025-11-18,12.463879082153468,95.63922536638927
Delhi,78.42544938204865,2025-11-19,21.880268151961808,85.49572412831293
Kolkata,85.96307627685162,2025-11-20,37.42962134488055,85.7852054152433
Chennai,91.31108448966597,2025-11-21,22.502223079194398,78.6477398263103
Chennai,145.1840972041752,2025-11-22,33.90642567543635,69.55968055933123
Bengaluru,89.94045822866224,2025-11-23,25.661945663939594,68.95231296118966
Delhi,100.76485207205552,2025-11-24,19.259897237588056,80.70005432459592
Delhi,62.757943557378944,2025-11-25,16.573506665776108,70.53696134291714
Mumbai,87.18532249328122,2025-11-26,14.096692732582618,86.20540866620418
Bengaluru,60.90853290736727,2025-11-27,30.853945741330918,94.42919016918972
Mumbai,33.17526627831985,2025-11-28,19.596215204690836,94.48744449556166
Mumbai,128.62074680864802,2025-11-29,23.338263866022537,87.77136230396697
Mumbai,140.27830373990292,2025-11-30,22.769764400035456,74.33695494418794
Kolkata,131.5082622817306,2025-12-01,25.31837087699394,93.88990494076616
Kolkata,103.42892788410302,2025-12-02,33.96731436873657,94.58280305939624
Mumbai,88.36144043226136,2025-12-03,37.422180307502884,73.89960754858876
Bengaluru,175.40005692292854,2025-12-04,20.227526257214507,90.12278257312032
Delhi,113.43472132451924,2025-12-05,32.82556766318909,76.59558646781369
Bengaluru,106.25273797335157,2025-12-06,30.93583383964153,92.07920937058789
Chennai,24.615571845158424,2025-12-07,25.205868543667197,97.91713699710809
Kolkata,81.42460897270814,2025-12-08,36.68141430835799,68.90078015988179
Delhi,88.43521138145427,2025-12-09,14.014235465852083,94.92097597372796
Delhi,91.78810056144209,2025-12-10,11.277926309288642,86.67891600795974
Chennai,124.43102646091981,2025-12-11,33.61885900866267,97.20147857494463
Chennai,116.04845841083812,2025-12-12,21.174494499012447,81.95028552579282
Mumbai,129.42291670282003,2025-12-13,33.40906562621181,93.42163791714121
Kolkata,157.6789870775831,2025-12-14,34.79270615586245,69.87182205794832
Kolkata,166.33743296889682,2025-12-15,9.873727808572143,78.05837150234888
Bengaluru,149.262153720769,2025-12-16,34.50394288958182,70.0104961325363
Mumbai,191.99426527188825,2025-12-17,21.449571661082665,97.26029400437211
Mumbai,23.281864881745093,2025-12-18,23.312974670126966,92.5092172181551
Mumbai,55.240037423038295,2025-12-19,26.797775332796306,93.57642263737911
Mumbai,21.36131749606558,2025-12-20,35.791478201902606,96.13895694301682
Kolkata,136.54544854782853,2025-12-21,8.573482832892921,70.55310458359357
Kolkata,181.64549881099765,2025-12-22,22.305304049534513,79.5679277754
Mumbai,63.82681338373387,2025-12-23,28.63166127291682,70.13104667132006
Bengaluru,186.8662180633352,2025-12-24,29.681208730946853,74.32379304650085
Delhi,30.848130252120953,2025-12-25,28.77597294611324,74.88097331113018
Delhi,188.19848482499256,2025-12-26,12.033053882243657,82.07321633142736
Bengaluru,83.2920837031342,2025-12-27,16.981867651150438,76.05686502360928
Mumbai,38.25574912085897,2025-12-28,18.761465762510404,71.02934320453284
Kolkata,107.45691665353861,2025-12-29,32.13311623038515,73.02473267282323
Delhi,66.21978218969143,2025-12-30,16.36279617243659,72.41826690656274
Chennai,71.27712235314611,2025-12-31,14.321148916016096,97.19230393736895
Chennai,75.31219368673158,2026-01-01,36.72344057114289,90.7787752075542
Bengaluru,164.54466160987943,2026-01-02,8.265898553404067,97.03284395808686
Mumbai,117.04902980154581,2026-01-03,37.93462567045935,81.19221459523726
Delhi,76.03538584808067,2026-01-04,28.304638965721868,76.3510544498797
Mumbai,129.8600809959653,2026-01-05,32.854078983473514,91.9487959162756
Delhi,148.90712136017484,2026-01-06,16.838581890385797,77.7876175412344
Bengaluru,69.07232013203608,2026-01-07,8.4294583300118,76.98150121116045
Bengaluru,94.43883827456327,2026-01-08,30.136085556845902,74.97517976623493
Chennai,41.93949680065056,2026-01-09,33.02433791002027,71.89036934672706
Mumbai,52.606882916242455,2026-01-10,30.214283958605574,75.69389183050298
Chennai,142.6012137136969,2026-01-11,12.285508619025158,78.65959245421664
Mumbai,52.65890258521285,2026-01-12,30.60283766770907,88.21982624437192
Chennai,114.52940906007083,2026-01-13,31.06768346322923,69.87694526658355
Kolkata,147.6283271100379,2026-01-14,27.756215470101647,74.31520818996029
Kolkata,39.237846157053895,2026-01-15,30.983477983867587,92.27070920875029
Kolkata,122.11619953320263,2026-01-16,33.377643190331966,72.40765770751312
Kolkata,66.18130106624548,2026-01-17,26.40812342712375,78.27935439567565
Delhi,193.32683754276437,2026-01-18,10.658141419090372,93.9397676557442
Kolkata,107.03821640958645,2026-01-19,22.628834290016325,72.64775933430327
Bengaluru,165.07865895952847,2026-01-20,10.329480040148152,70.48210506854569
Bengaluru,119.04077758812711,2026-01-21,20.226290930972926,82.53613985240032
Delhi,27.81425591386745,2026-01-22,20.21319467376883,77.07258533835609
Kolkata,133.96724760692402,2026-01-23,9.980295324207248,84.90225093451562
Kolkata,191.25260159719826,2026-01-24,18.46461601908438,92.11414671450426
Kolkata,128.2901276263396,2026-01-25,11.329942963739445,72.1144546445823
Chennai,167.45399469682224,2026-01-26,32.24705630027667,85.42097253662855
Mumbai,179.1571634027134,2026-01-27,36.43064077893412,83.16526281169592
Chennai,61.054358950807845,2026-01-28,10.169494257738158,72.32236358039599
Mumbai,58.1680711834808,2026-01-29,36.653456218751046,86.71995456586947
Kolkata,129.97657799317852,2026-01-30,23.677297980102352,76.20921253582316
Kolkata,93.98512456520685,2026-01-31,16.986970338616217,82.63502955632038
Chennai,171.17503451600967,2026-02-01,10.305862258284906,70.46816972831186
Chennai,182.004162211642,2026-02-02,23.018728042112535,81.78752171640869
Mumbai,83.61584827448925,2026-02-03,31.83546633472246,77.19390404128461
Bengaluru,62.636700615406774,2026-02-04,29.212594318000946,92.67143633556063
Mumbai,160.49459274389514,2026-02-05,9.506780343919212,69.70936180992105
Chennai,69.4650863986645,2026-02-06,10.187055061037105,80.5582182475499
Chennai,168.0705773324621,2026-02-07,20.086198478979114,81.75294272394314
Delhi,96.2728856567773,2026-02-08,16.858714821438298,89.75018228897356
Chennai,140.15898187246466,2026-02-09,14.971529691681436,85.22862725270633
Delhi,37.19635649024028,2026-02-10,16.43013496726141,88.01637011582542
Bengaluru,132.29467844178316,2026-02-11,32.10448229890654,91.31147856955269
Mumbai,101.31818217270124,2026-02-12,35.876841608955615,93.86608920974567
Mumbai,125.58952337158534,2026-02-13,20.15308083582699,77.41626490167411
Delhi,50.24255739407542,2026-02-14,35.18333006397491,84.1406811609171
Mumbai,152.63727408995277,2026-02-15,17.64487103743646,93.203242353176
Chennai,175.30347395778114,2026-02-16,22.293109590313748,97.68353392895169
Kolkata,59.013164016339616,2026-02-17,14.780869934479991,94.6855793313129
Delhi,37.22861999362911,2026-02-18,27.214281265275318,79.1440178787313
Mumbai,24.254945488340553,2026-02-19,37.36943345524426,73.85499551655951
Delhi,135.55487007978786,2026-02-20,26.10479288130136,82.68177612219766
Delhi,129.27692649598055,2026-02-21,18.734422523406465,90.24924355508126
Kolkata,118.4055342885326,2026-02-22,27.434523379715852,82.77707212259892
Chennai,61.75047730087557,2026-02-23,11.687620353961627,82.49542589941005
Delhi,90.36307926299264,2026-02-24,34.65977240796196,93.14691263245402
Mumbai,127.00574033351114,2026-02-25,23.092518523395093,78.84211337201559
Bengaluru,109.41803459465049,2026-02-26,21.480492261189262,93.79384024434937
Delhi,197.8013936386797,2026-02-27,25.575943653605577,80.20414402855171
Delhi,44.55915546021196,2026-02-28,26.743515883682072,77.84699317035017
Kolkata,145.1260197285669,2026-03-01,10.153274186795391,81.61969733599096
Chennai,92.77737825877259,2026-03-02,28.47851663670207,90.87340876024605
Bengaluru,97.07593068661066,2026-03-03,15.257950409465888,71.78006083591983
Mumbai,149.16759781847173,2026-03-04,29.418578975197693,73.89257647616053
Bengaluru,144.63850723838652,2026-03-05,32.6760438315259,96.54334476989276
Mumbai,198.4260788663939,2026-03-06,32.11875522657561,73.26474882144072
Chennai,43.11097210174254,2026-03-07,24.575029022236674,85.03181953793164
Mumbai,38.73973688914994,2026-03-08,23.605096769322536,85.37943399985814
Kolkata,150.3809870831734,2026-03-09,12.286278840182352,82.68873386150734
Kolkata,124.10964506115364,2026-03-10,31.260384512094067,87.34235745730456
Kolkata,69.34891998076506,2026-03-11,16.14228141340143,74.89480177392855
Kolkata,34.29548641801759,2026-03-12,22.900862684538396,84.57986803330245
Bengaluru,35.4184849273575,2026-03-13,16.528222787825502,79.1651976574069
Chennai,180.9543574395413,2026-03-14,12.014850889990793,87.85001778887568
Mumbai,54.536118449373724,2026-03-15,26.886730906752096,72.23670630119449
Mumbai,78.20688118079374,2026-03-16,9.629961044687114,85.12632250518429
Kolkata,60.798152400857845,2026-03-17,30.459357023785998,73.55811066149971
Kolkata,83.89933504974871,2026-03-18,17.527603857833498,76.35929189345109
Delhi,32.49629169429681,2026-03-19,8.00404079013456,74.5612940097075
Chennai,113.43076236348867,2026-03-20,23.333874177116893,73.48513339606451
Bengaluru,32.17026144659869,2026-03-21,9.405557255828093,92.77132854682
Mumbai,164.0641714080251,2026-03-22,16.285086734626987,76.57122702982672
Delhi,62.06817474387795,2026-03-23,29.209294623671486,95.81371345593348
Delhi,117.20214462881191,2026-03-24,9.880688648655976,97.09779576035572
Mumbai,178.41423576106249,2026-03-25,33.18015477068007,85.13781409811293
Bengaluru,137.15792642849493,2026-03-26,8.114597679757493,72.2900336799718
Delhi,115.93240157924035,2026-03-27,15.404716076057067,79.23644730138744
Delhi,78.38007556076761,2026-03-28,30.227121684562142,91.93196790044642
Chennai,79.94034435047563,2026-03-29,17.488104491879206,79.02172186091211
Bengaluru,140.50765193567423,2026-03-30,11.056771641980406,70.61051654908366
Delhi,198.94508501981016,2026-03-31,18.80701756401284,84.70354732784564
Bengaluru,139.13105417288816,2026-04-01,16.111798591535766,93.35362554488104
Mumbai,120.40101512660448,2026-04-02,33.281357064816646,91.87779161430507
Kolkata,151.5170918430643,2026-04-03,17.400437527554296,73.2536942039106
Delhi,103.73701021106926,2026-04-04,31.667974153280216,88.182938432374
Chennai,30.825621668141338,2026-04-05,34.756164344322045,74.6151279030694
Mumbai,121.21342685802377,2026-04-06,21.014522587295886,74.54622603656517
Bengaluru,192.37255121096842,2026-04-07,35.298294315631765,94.22215319915556
Mumbai,51.55452962437873,2026-04-08,19.319541618895784,75.4900685822069
Delhi,144.20088034771982,2026-04-09,36.92235249470325,75.89742039554034
Bengaluru,56.168063958630164,2026-04-10,10.678685735767187,68.01960172283898
Kolkata,116.44898320515463,2026-04-11,28.610577995097284,94.12007102376553
Mumbai,37.40176093640953,2026-04-12,22.81442121370786,91.77784439627405
Delhi,101.06676852647333,2026-04-13,19.62946416366941,86.81986805272034
Chennai,156.1093992011443,2026-04-14,26.981356362458026,90.50797291816527
Bengaluru,82.56287436301677,2026-04-15,29.115712749029935,72.56145702273476
Mumbai,139.68411040769925,2026-04-16,8.130898089509273,81.74970783762726
Mumbai,163.18099294215125,2026-04-17,13.00859266241596,78.53658162046342
Kolkata,186.89200750630147,2026-04-18,29.39138151902956,70.8132957877105
Kolkata,62.235574733981636,2026-04-19,27.991562407346194,82.58391455644772
Chennai,91.87686484567547,2026-04-20,36.981425153860314,95.62218951027906
Chennai,47.43488239947514,2026-04-21,30.83113370752349,69.20177357152083
Delhi,198.64703038850755,2026-04-22,36.52318123194014,76.74382740481381
Delhi,186.86017422637315,2026-04-23,29.076215046044208,74.2262280861711
Chennai,117.19228345050072,2026-04-24,16.941566259183297,75.14439960997089
Chennai,171.56599298775583,2026-04-25,11.160947667525694,95.25303655638126
Bengaluru,113.7724359089676,2026-04-26,31.454715900348067,82.0420716270287
Kolkata,132.24542384049676,2026-04-27,27.32447664427748,81.98898238819456
Delhi,36.04239778088299,2026-04-28,9.445580371798886,90.81726927365847
Kolkata,155.94867568942541,2026-04-29,18.80151397702935,72.63476612014777
Kolkata,42.98842705434227,2026-04-30,36.703994464528584,82.61796062300152
Chennai,168.6921734454551,2026-05-01,23.012034371306036,80.8995564236318
Bengaluru,160.76505578066946,2026-05-02,20.98187408059114,85.90732071639968
Mumbai,147.57404559373578,2026-05-03,21.73098815477882,97.98673109751316
Bengaluru,26.508868494457182,2026-05-04,14.26648172015491,91.08346682246142
Bengaluru,74.56310407015914,2026-05-05,19.061215125943857,79.93597109052281
Kolkata,67.36026258395171,2026-05-06,19.094397679615298,92.8265915682214
Bengaluru,84.82455334487344,2026-05-07,9.570650605624172,73.1212508993744
Delhi,35.77569441749094,2026-05-08,31.027028855537548,68.91391058926881
Kolkata,188.6524081455913,2026-05-09,20.49513295711637,74.1334511739282
Delhi,119.68440332822773,2026-05-10,32.6653966044927,78.2123466834278
Mumbai,74.99437591844423,2026-05-11,33.510440033596865,83.31742272378679
Kolkata,91.45667307337102,2026-05-12,14.359821640959742,86.45387421623599
Mumbai,100.49645729087042,2026-05-13,27.720604465103857,95.31817151643266
Kolkata,128.10698000491112,2026-05-14,22.16845412488945,83.29562028651372
Chennai,112.8222969853696,2026-05-15,34.40470213764455,83.03826933877188
Bengaluru,185.49055517859512,2026-05-16,14.472220375293624,69.50729029468947
Chennai,109.45342692304945,2026-05-17,28.334396009301326,69.04734657968672
Mumbai,198.58844266819628,2026-05-18,26.232563667581676,84.53479885749115
Bengaluru,173.25649239411723,2026-05-19,16.859044327154983,81.14535839745034
Kolkata,57.531892584320445,2026-05-20,12.098027109535177,93.17541184940896
Bengaluru,187.50713863590494,2026-05-21,27.549192814318296,72.82038754135536
Delhi,40.945951619385696,2026-05-22,30.15792374396992,68.74914986351149
Bengaluru,167.14094752841447,2026-05-23,17.468820312900498,81.47116303790378
Delhi,88.51219282578441,2026-05-24,27.344978120669413,75.12435670256772
Bengaluru,178.0353776801125,2026-05-25,19.8539272283451,69.48843120016512
Delhi,176.25020421934107,2026-05-26,29.39620649847853,89.73794860542887
Mumbai,165.0665720211718,2026-05-27,13.976458246821593,71.34778999871742
Chennai,162.20547853527106,2026-05-28,34.70645007908523,86.24958500023315
Kolkata,74.84224503764734,2026-05-29,16.622287893967393,76.43149250500667
Bengaluru,34.56547094922539,2026-05-30,19.033579632684585,73.20488151065067
Chennai,92.53643217772907,2026-05-31,9.742758562410494,79.39254568757953
Kolkata,51.23441269757156,2026-06-01,11.345366369638292,92.0433732866886
Kolkata,145.0911960024431,2026-06-02,23.475857081369846,79.76280730713718
Delhi,82.2979507768014,2026-06-03,16.027780301839144,90.52308947633168
Mumbai,195.6098361547847,2026-06-04,33.064406772265826,71.76458890397453
Mumbai,135.37497392215977,2026-06-05,8.440801659648615,91.18314258995238
Chennai,168.04650145418498,2026-06-06,19.372821460158086,75.10799974719946
Mumbai,43.854441093532714,2026-06-07,18.12036640307278,88.32179389666618
Bengaluru,175.16260680907206,2026-06-08,8.57982892752803,84.9734466452299
Mumbai,186.096294292411,2026-06-09,11.731051970015306,95.87434151635063
Chennai,107.67114538740846,2026-06-10,20.40928024755906,79.61967553925942
Mumbai,129.12552879517594,2026-06-11,22.7859375334234,69.98495566503321
Bengaluru,157.66576416253918,2026-06-12,20.12869241764607,68.57466456653759
Delhi,51.47095290687426,2026-06-13,23.928130352362814,92.8057568291826
Chennai,110.46189376341964,2026-06-14,25.853950247170445,83.74206912984296
Delhi,91.75934499901636,2026-06-15,8.297714633835069,91.25732155504848
Delhi,46.34731858920484,2026-06-16,21.922854783605118,75.03276800034544
Delhi,86.15619601247566,2026-06-17,36.90497722662765,78.35251236539702
Kolkata,32.27101568938885,2026-06-18,23.57096840388646,68.90311616633957
Kolkata,24.646143250907656,2026-06-19,28.326268023768595,96.84476973722337
Delhi,44.3299320478681,2026-06-20,17.355915737506496,88.0360372010244
Chennai,193.3607200860513,2026-06-21,31.219741344582875,95.99615263277919
Bengaluru,118.91531646110306,2026-06-22,31.187644456283454,75.96489222287217
Bengaluru,193.8479890075796,2026-06-23,23.63888142962417,86.34390833676983
Mumbai,97.84961809942375,2026-06-24,37.280414698376404,88.35499904877913
Chennai,76.12690395534672,2026-06-25,11.766506442879601,77.52649100772766
Kolkata,111.10553531124394,2026-06-26,8.50842994668743,93.44327705046891
Delhi,99.11210395392382,2026-06-27,31.10474635271288,96.41484388700744
Mumbai,39.019643167113905,2026-06-28,32.214666120946475,94.54565353088013
Bengaluru,135.34873664423714,2026-06-29,11.606216873617287,90.17200927818118
Kolkata,58.88687285172793,2026-06-30,15.967484988758182,76.32394039174862
Kolkata,131.52583188160932,2026-07-01,8.526570900998868,76.44848126316896
Delhi,137.03619663166762,2026-07-02,16.799258323416943,96.90080961338114
Bengaluru,47.36447356315666,2026-07-03,31.194256217560145,68.30853487807076
Chennai,31.04293287992027,2026-07-04,23.53881583137737,89.48149919726433
Kolkata,160.53708549231916,2026-07-05,18.44286779504864,89.18738487665786
Delhi,102.76407627847763,2026-07-06,19.15217884718991,86.68068622849393
Chennai,30.469483190985642,2026-07-07,8.040608771464045,97.70326538260598
Bengaluru,199.07593709055809,2026-07-08,16.994015826957074,77.35638307291175
Kolkata,30.400500979345995,2026-07-09,27.393762249137914,78.19915591379744
Chennai,145.10634119453957,2026-07-10,37.225833314490714,70.36818208839667
Chennai,197.06220654741446,2026-07-11,33.411824809516986,81.28394409631213
Chennai,63.05241875886661,2026-07-12,8.707848939365874,75.83145578704544
Kolkata,45.604886363695314,2026-07-13,34.956818140245176,78.30160106532932
Kolkata,41.8492890960372,2026-07-14,31.495952398958778,93.03715370766884
Mumbai,74.58952656216721,2026-07-15,31.411283707129414,96.06453540582487
Bengaluru,38.1882459819164,2026-07-16,21.739872770107144,73.57199216015557
Delhi,144.58904150494374,2026-07-17,19.940158788635085,79.17526794660398
Chennai,31.212523663411282,2026-07-18,17.087471864995777,95.85891686346181
Mumbai,111.69598306696214,2026-07-19,9.970845768630973,69.85425382067667
Delhi,199.40543369353583,2026-07-20,14.847060904810974,70.77081584334135
Mumbai,166.51464851108338,2026-07-21,15.39810904934074,72.88372967618687
Kolkata,130.73949888158197,2026-07-22,22.52231209130605,85.85638502380624
Chennai,75.1256517415901,2026-07-23,30.42333219790082,72.51416813017993
Delhi,132.30125053249492,2026-07-24,22.214294851938398,97.042291443522
Delhi,114.86746350409729,2026-07-25,9.735333483414818,81.40143581775561
Delhi,96.69500910026687,2026-07-26,36.73369402964612,83.045538810505
Delhi,43.5278678132359,2026-07-27,36.281729572823366,75.3997584741622
Delhi,179.58875874328402,2026-07-28,31.55568629445225,82.12880757304201
Mumbai,100.96123678783805,2026-07-29,37.73983704692662,87.85740897911035
Chennai,55.032052127737714,2026-07-30,24.33446998400789,90.53531410862128
Kolkata,86.19668315791213,2026-07-31,36.88305050759618,90.6160424812974
Kolkata,94.54335545520686,2026-08-01,10.268151218502524,85.33673338082265
Kolkata,168.95682120203736,2026-08-02,18.970422447841138,95.13079324981572
Kolkata,152.05058850105237,2026-08-03,14.761438040202975,92.52223541918329
Mumbai,158.47488085544117,2026-08-04,13.874992524028102,90.71144344095876
Bengaluru,21.985627597156498,2026-08-05,12.224088466780282,69.66816565041381
Chennai,94.90771967235708,2026-08-06,26.6724092469799,68.20633886658948
Delhi,106.64194729435825,2026-08-07,31.439655672419153,74.37341831586419
Bengaluru,23.454609828150204,2026-08-08,25.34895198261082,87.90570781740357
Kolkata,66.76637757410616,2026-08-09,12.40888128764629,80.33592466647637
Bengaluru,156.8521681619843,2026-08-10,32.333713098004125,80.07218777897936
Chennai,44.67974703121983,2026-08-11,27.078641214911855,94.5376066468884
Delhi,116.3558236614665,2026-08-12,19.644971183809865,94.86688544395517
Delhi,58.73633696310275,2026-08-13,28.22390886608189,95.27525792160758
Chennai,22.181739435900788,2026-08-14,15.797149377284985,77.41634229545082
Chennai,63.41626236791747,2026-08-15,18.355766254826314,88.73167438217786
Kolkata,195.6572758838097,2026-08-16,35.52457529395971,76.14899543823108
Delhi,164.27668013893813,2026-08-17,16.71513517014261,73.7182949922335
Bengaluru,192.723795977786,2026-08-18,22.099648044738096,73.53897372042107
Mumbai,107.81372790674524,2026-08-19,34.70423412188044,78.26322862590783
Mumbai,39.75251576195063,2026-08-20,29.231640508025823,80.89872859339465
Chennai,118.63270801526473,2026-08-21,9.866096784941082,92.92847513165205
Kolkata,101.78792022079296,2026-08-22,12.41909132836911,71.59673280418136
Mumbai,171.98427489313087,2026-08-23,8.235247723157505,90.04777542184682
Delhi,37.65486454116403,2026-08-24,26.927653706874903,83.94364742567916
Chennai,107.88340466392007,2026-08-25,21.43020276231255,76.63836028027977
Bengaluru,47.00875964491716,2026-08-26,12.028245527068266,82.78458753598474
Chennai,78.44166684021079,2026-08-27,36.738023631703115,76.99826209331067
Bengaluru,152.72427392980393,2026-08-28,23.8897917183686,85.88245865714919
Chennai,105.68326328637798,2026-08-29,15.256798823386674,81.01531768565732
Chennai,87.65989132623848,2026-08-30,23.018107134641227,72.93216587236637
Chennai,91.00573014260635,2026-08-31,28.388609982053232,71.49749223667091
Bengaluru,102.70041831307759,2026-09-01,10.287176539206934,84.40087046216391
Bengaluru,161.30297789067023,2026-09-02,16.241114451436758,95.0723909985831
Chennai,180.5752440092422,2026-09-03,32.20896472651981,78.31873059673056
Mumbai,191.9602435707071,2026-09-04,21.78994611207984,89.9900032166787
Kolkata,161.6426095259531,2026-09-05,24.397314260968848,87.759840648193
Kolkata,76.77324123464228,2026-09-06,20.98448006628408,95.94664742928443
Kolkata,143.86424709557758,2026-09-07,9.316998279290154,92.62943051897423
Bengaluru,98.76856232997055,2026-09-08,12.972493394604678,84.99815776716389
Bengaluru,65.84071196828921,2026-09-09,21.36624916225673,87.71091494702321
Mumbai,171.35688429666607,2026-09-10,14.275563962237834,94.95159399752104
Kolkata,26.916742813218498,2026-09-11,9.499370859790362,79.98556353760804
Kolkata,182.31715858437624,2026-09-12,33.309489921554714,77.80384117573333
Chennai,103.06594363245215,2026-09-13,37.43577587492348,68.32433250905589
Bengaluru,134.69626582549046,2026-09-14,31.794286219902183,92.79653222574393
Kolkata,138.68370599704087,2026-09-15,33.61354765114001,92.02942101210095
Mumbai,181.12119332717654,2026-09-16,15.259313909511361,71.13363554300454
Mumbai,134.60054279009734,2026-09-17,36.81880926539599,85.305721433981
Kolkata,130.5080452568111,2026-09-18,13.907771133602852,81.91945094500662
Bengaluru,31.997367300924193,2026-09-19,36.54289431085497,71.56127286527334
Mumbai,113.31344395013673,2026-09-20,37.84457881897853,97.4170468118217
Chennai,47.0304201470675,2026-09-21,29.35168417238146,74.44087662390066
Mumbai,152.7380783698674,2026-09-22,37.43431195375466,70.01702540271684
Delhi,112.1999457462814,2026-09-23,25.08619338701311,85.84542138505728
Delhi,142.4410002575036,2026-09-24,15.786253495282711,90.16600031399098
Bengaluru,27.50112210842917,2026-09-25,21.109876569968627,68.9733033814156
Kolkata,35.26256288824458,2026-09-26,25.80682806136358,87.76152916181067
