latitude,longitude,bright_ti4,scan,track,acq_date,acq_time,satellite,instrument,confidence,version,bright_ti5,frp,daynight,type
14.13071,98.20261,329.24,0.39,0.36,2023-12-01,642,N,VIIRS,n,2,297.6,1.16,D,0
15.1663,99.96783,334.76,0.4,0.37,2023-12-01,642,N,VIIRS,n,2,296.93,2.02,D,0
15.6445,99.64262,335.57,0.4,0.37,2023-12-01,642,N,VIIRS,n,2,296.15,5.35,D,0
15.65992,99.57552,342.1,0.4,0.37,2023-12-01,642,N,VIIRS,n,2,294.76,4.01,D,0
15.7759,99.82755,330.8,0.4,0.37,2023-12-01,642,N,VIIRS,n,2,297.06,1.39,D,0
15.78341,98.51006,333.16,0.38,0.36,2023-12-01,642,N,VIIRS,n,2,297.58,2.3,D,0
15.89848,99.97425,331.75,0.41,0.37,2023-12-01,642,N,VIIRS,n,2,296.8,2.94,D,0
15.97175,99.9279,331.91,0.41,0.37,2023-12-01,642,N,VIIRS,n,2,299.03,2.2,D,0
16.01838,99.88652,337.28,0.4,0.37,2023-12-01,642,N,VIIRS,n,2,297.78,3.77,D,0
16.11525,94.58194,329.64,0.48,0.4,2023-12-01,642,N,VIIRS,n,2,296.4,3.93,D,0
16.14759,99.36681,337.28,0.39,0.37,2023-12-01,642,N,VIIRS,n,2,296.78,2.18,D,0
16.20139,97.54449,332.04,0.39,0.36,2023-12-01,642,N,VIIRS,n,2,299.32,2.19,D,0
16.20165,95.69157,337.77,0.43,0.38,2023-12-01,642,N,VIIRS,n,2,298.8,3.83,D,0
16.20513,95.69096,344.99,0.43,0.38,2023-12-01,642,N,VIIRS,n,2,299.08,20.66,D,0
16.21946,95.71306,338.41,0.43,0.38,2023-12-01,642,N,VIIRS,n,2,297.65,4.77,D,0
16.22391,95.49417,337.18,0.44,0.38,2023-12-01,642,N,VIIRS,n,2,295.94,3.73,D,0
16.34879,95.75278,339.71,0.43,0.38,2023-12-01,642,N,VIIRS,n,2,296.52,7.44,D,0
16.40946,95.34894,333.75,0.44,0.38,2023-12-01,642,N,VIIRS,n,2,296.18,3.23,D,0
16.50456,95.48714,337.36,0.43,0.38,2023-12-01,642,N,VIIRS,n,2,296.66,7.0,D,0
16.50869,95.8186,335.84,0.42,0.38,2023-12-01,642,N,VIIRS,n,2,297.87,4.47,D,0
16.53996,97.54995,335.52,0.39,0.36,2023-12-01,642,N,VIIRS,n,2,299.68,3.02,D,0
16.5408,99.69379,336.27,0.4,0.37,2023-12-01,642,N,VIIRS,n,2,296.42,4.2,D,0
16.54123,96.54162,336.24,0.4,0.37,2023-12-01,642,N,VIIRS,n,2,299.4,5.24,D,0
16.54321,96.44481,338.15,0.4,0.37,2023-12-01,642,N,VIIRS,n,2,299.51,3.56,D,0
16.54373,99.59339,333.3,0.4,0.37,2023-12-01,642,N,VIIRS,n,2,296.12,3.19,D,0
16.54721,98.21864,333.93,0.38,0.36,2023-12-01,642,N,VIIRS,n,2,298.46,1.58,D,0
16.54898,96.52489,330.28,0.4,0.37,2023-12-01,642,N,VIIRS,n,2,297.71,2.2,D,0
16.55191,99.72296,339.65,0.4,0.37,2023-12-01,642,N,VIIRS,n,2,295.88,2.35,D,0
16.55195,95.77862,334.9,0.42,0.38,2023-12-01,642,N,VIIRS,n,2,298.0,5.32,D,0
16.55504,95.75372,347.59,0.42,0.38,2023-12-01,642,N,VIIRS,n,2,298.73,5.9,D,0
16.5585,95.75311,340.46,0.42,0.38,2023-12-01,642,N,VIIRS,n,2,297.17,5.9,D,0
16.55877,95.73272,332.58,0.42,0.38,2023-12-01,642,N,VIIRS,n,2,295.82,3.39,D,0
16.56252,96.45697,335.37,0.4,0.37,2023-12-01,642,N,VIIRS,n,2,298.93,2.23,D,0
16.56669,96.48329,335.57,0.4,0.37,2023-12-01,642,N,VIIRS,n,2,298.81,2.32,D,0
16.56687,99.58597,332.2,0.4,0.37,2023-12-01,642,N,VIIRS,n,2,295.93,2.64,D,0
16.56729,96.48705,333.72,0.4,0.37,2023-12-01,642,N,VIIRS,n,2,299.02,2.43,D,0
16.56741,99.58972,330.05,0.4,0.37,2023-12-01,642,N,VIIRS,n,2,295.68,2.64,D,0
16.57007,96.48271,331.28,0.4,0.37,2023-12-01,642,N,VIIRS,n,2,298.49,3.81,D,0
16.57067,96.48647,333.79,0.4,0.37,2023-12-01,642,N,VIIRS,n,2,298.36,3.65,D,0
16.58076,95.01145,336.29,0.45,0.39,2023-12-01,642,N,VIIRS,n,2,298.1,7.31,D,0
16.58139,96.35285,332.25,0.41,0.37,2023-12-01,642,N,VIIRS,n,2,298.6,2.52,D,0
16.58968,96.49084,341.77,0.4,0.37,2023-12-01,642,N,VIIRS,n,2,299.45,3.0,D,0
16.59125,95.79213,335.09,0.42,0.38,2023-12-01,642,N,VIIRS,n,2,297.08,2.69,D,0
16.61334,99.7638,339.67,0.4,0.37,2023-12-01,642,N,VIIRS,n,2,296.29,3.66,D,0
16.61697,99.5974,332.64,0.4,0.37,2023-12-01,642,N,VIIRS,n,2,296.12,1.24,D,0
16.6171,96.46684,334.31,0.4,0.37,2023-12-01,642,N,VIIRS,n,2,297.74,0.84,D,0
16.62738,97.60939,330.41,0.39,0.36,2023-12-01,642,N,VIIRS,n,2,299.52,3.12,D,0
16.62877,94.92428,335.48,0.46,0.39,2023-12-01,642,N,VIIRS,n,2,296.81,5.33,D,0
16.63759,96.68214,335.17,0.4,0.37,2023-12-01,642,N,VIIRS,n,2,299.07,2.78,D,0
16.63819,96.68586,330.53,0.4,0.37,2023-12-01,642,N,VIIRS,n,2,298.88,2.78,D,0
16.64396,96.63522,335.22,0.4,0.37,2023-12-01,642,N,VIIRS,n,2,299.03,1.55,D,0
16.64548,96.36125,332.58,0.4,0.37,2023-12-01,642,N,VIIRS,n,2,299.07,2.66,D,0
16.64638,95.00837,332.89,0.45,0.39,2023-12-01,642,N,VIIRS,n,2,296.16,3.37,D,0
16.64972,95.69248,334.16,0.42,0.38,2023-12-01,642,N,VIIRS,n,2,296.61,3.11,D,0
16.66213,94.9925,330.32,0.45,0.39,2023-12-01,642,N,VIIRS,n,2,296.19,2.42,D,0
16.66396,94.99353,329.97,0.45,0.39,2023-12-01,642,N,VIIRS,n,2,295.63,2.87,D,0
16.66826,95.18524,341.46,0.44,0.39,2023-12-01,642,N,VIIRS,n,2,298.72,22.26,D,0
16.67073,98.58917,336.68,0.39,0.36,2023-12-01,642,N,VIIRS,n,2,297.31,3.3,D,0
16.67358,96.69128,339.93,0.4,0.37,2023-12-01,642,N,VIIRS,n,2,299.52,2.9,D,0
16.67405,98.58864,343.37,0.39,0.36,2023-12-01,642,N,VIIRS,n,2,297.04,3.3,D,0
16.68677,95.01982,332.5,0.45,0.39,2023-12-01,642,N,VIIRS,n,2,296.03,2.69,D,0
16.69098,94.6705,346.63,0.47,0.4,2023-12-01,642,N,VIIRS,n,2,295.85,6.5,D,0
16.69176,94.71967,332.98,0.46,0.39,2023-12-01,642,N,VIIRS,n,2,295.31,6.58,D,0
16.69318,95.01434,335.85,0.45,0.39,2023-12-01,642,N,VIIRS,n,2,297.66,4.52,D,0
16.69852,96.5646,333.38,0.4,0.37,2023-12-01,642,N,VIIRS,n,2,298.88,2.21,D,0
16.69885,96.61054,333.33,0.4,0.37,2023-12-01,642,N,VIIRS,n,2,298.85,3.19,D,0
16.70477,94.79748,333.04,0.46,0.39,2023-12-01,642,N,VIIRS,n,2,297.15,5.48,D,0
16.70549,94.80177,332.29,0.46,0.39,2023-12-01,642,N,VIIRS,n,2,296.21,5.48,D,0
16.71107,97.25709,334.93,0.39,0.36,2023-12-01,642,N,VIIRS,n,2,298.87,2.56,D,0
16.71534,97.36829,337.89,0.39,0.36,2023-12-01,642,N,VIIRS,n,2,298.98,2.54,D,0
16.7237,96.72464,333.45,0.4,0.37,2023-12-01,642,N,VIIRS,n,2,298.92,2.48,D,0
16.72633,94.81572,331.71,0.46,0.39,2023-12-01,642,N,VIIRS,n,2,296.2,2.39,D,0
16.73648,96.71068,332.1,0.4,0.37,2023-12-01,642,N,VIIRS,n,2,298.49,4.58,D,0
16.73742,97.36053,343.26,0.39,0.36,2023-12-01,642,N,VIIRS,n,2,300.57,4.51,D,0
16.73747,97.3828,334.63,0.39,0.36,2023-12-01,642,N,VIIRS,n,2,299.08,1.51,D,0
16.74018,97.35635,338.43,0.39,0.36,2023-12-01,642,N,VIIRS,n,2,300.18,3.44,D,0
16.74243,96.683,336.77,0.4,0.37,2023-12-01,642,N,VIIRS,n,2,300.07,6.61,D,0
16.74328,95.42175,335.14,0.43,0.38,2023-12-01,642,N,VIIRS,n,2,296.82,2.34,D,0
16.7546,97.36137,338.56,0.39,0.36,2023-12-01,642,N,VIIRS,n,2,300.12,3.1,D,0
16.75561,94.88095,332.29,0.46,0.39,2023-12-01,642,N,VIIRS,n,2,295.47,3.82,D,0
16.75563,97.32405,335.01,0.39,0.36,2023-12-01,642,N,VIIRS,n,2,298.35,2.25,D,0
16.75976,95.91979,332.32,0.42,0.37,2023-12-01,642,N,VIIRS,n,2,296.62,2.81,D,0
16.76115,97.3157,333.91,0.39,0.36,2023-12-01,642,N,VIIRS,n,2,299.27,6.01,D,0
16.76129,97.38254,336.21,0.39,0.36,2023-12-01,642,N,VIIRS,n,2,300.89,2.33,D,0
16.77137,95.96964,333.87,0.41,0.37,2023-12-01,642,N,VIIRS,n,2,297.31,2.72,D,0
16.77233,95.99733,334.68,0.41,0.37,2023-12-01,642,N,VIIRS,n,2,297.56,3.61,D,0
16.77295,96.0012,340.05,0.41,0.37,2023-12-01,642,N,VIIRS,n,2,298.4,3.61,D,0
16.77634,95.95682,334.59,0.42,0.37,2023-12-01,642,N,VIIRS,n,2,298.45,3.42,D,0
16.78123,97.37922,348.98,0.39,0.36,2023-12-01,642,N,VIIRS,n,2,301.77,5.79,D,0
16.78476,95.94337,331.9,0.42,0.37,2023-12-01,642,N,VIIRS,n,2,296.61,4.57,D,0
16.78538,95.94726,336.29,0.42,0.37,2023-12-01,642,N,VIIRS,n,2,298.02,7.02,D,0
16.78728,97.35221,342.31,0.39,0.36,2023-12-01,642,N,VIIRS,n,2,300.95,4.31,D,0
16.78976,95.9744,342.26,0.41,0.37,2023-12-01,642,N,VIIRS,n,2,296.66,5.69,D,0
16.7963,95.99316,347.32,0.41,0.37,2023-12-01,642,N,VIIRS,n,2,298.77,5.31,D,0
16.81626,95.94186,336.26,0.42,0.37,2023-12-01,642,N,VIIRS,n,2,298.12,5.33,D,0
16.85739,96.70129,340.03,0.4,0.37,2023-12-01,642,N,VIIRS,n,2,299.26,5.46,D,0
16.86805,96.70328,336.8,0.4,0.37,2023-12-01,642,N,VIIRS,n,2,300.74,4.15,D,0
16.86922,96.71069,332.71,0.4,0.37,2023-12-01,642,N,VIIRS,n,2,299.87,5.86,D,0
16.86964,96.6916,334.09,0.4,0.37,2023-12-01,642,N,VIIRS,n,2,300.04,4.61,D,0
16.86981,96.71439,334.31,0.4,0.37,2023-12-01,642,N,VIIRS,n,2,301.8,5.86,D,0
16.87177,98.60096,329.77,0.39,0.36,2023-12-01,642,N,VIIRS,n,2,294.99,2.03,D,0
16.88568,96.66219,332.11,0.4,0.37,2023-12-01,642,N,VIIRS,n,2,299.91,2.11,D,0
16.88733,96.73801,344.47,0.4,0.37,2023-12-01,642,N,VIIRS,n,2,300.74,5.0,D,0
16.90352,96.73145,339.89,0.4,0.37,2023-12-01,642,N,VIIRS,n,2,299.6,3.41,D,0
16.9274,96.79567,334.23,0.39,0.37,2023-12-01,642,N,VIIRS,n,2,299.15,2.64,D,0
16.93075,96.7951,348.1,0.39,0.37,2023-12-01,642,N,VIIRS,n,2,301.8,12.12,D,0
16.95454,96.32755,334.19,0.4,0.37,2023-12-01,642,N,VIIRS,n,2,299.33,2.02,D,0
16.96011,96.31882,330.93,0.4,0.37,2023-12-01,642,N,VIIRS,n,2,300.26,2.79,D,0
16.96482,96.74023,334.68,0.4,0.37,2023-12-01,642,N,VIIRS,n,2,299.04,2.23,D,0
16.96651,98.57797,350.36,0.39,0.36,2023-12-01,642,N,VIIRS,n,2,301.37,10.34,D,0
16.96695,98.60384,330.93,0.39,0.36,2023-12-01,642,N,VIIRS,n,2,298.1,4.16,D,0
16.99107,96.73196,337.96,0.4,0.37,2023-12-01,642,N,VIIRS,n,2,299.88,3.6,D,0
16.9966,96.72341,330.79,0.4,0.37,2023-12-01,642,N,VIIRS,n,2,298.9,1.4,D,0
17.00769,96.70633,339.18,0.4,0.37,2023-12-01,642,N,VIIRS,n,2,299.98,2.78,D,0
17.02415,96.74529,333.82,0.39,0.37,2023-12-01,642,N,VIIRS,n,2,299.39,2.5,D,0
17.03524,96.72822,334.45,0.4,0.37,2023-12-01,642,N,VIIRS,n,2,299.71,2.75,D,0
17.06175,97.18257,331.51,0.39,0.36,2023-12-01,642,N,VIIRS,n,2,301.17,1.6,D,0
17.06181,97.20493,332.73,0.39,0.36,2023-12-01,642,N,VIIRS,n,2,300.98,2.73,D,0
17.06429,97.11118,338.07,0.39,0.36,2023-12-01,642,N,VIIRS,n,2,299.39,4.08,D,0
17.06762,97.11062,336.71,0.39,0.36,2023-12-01,642,N,VIIRS,n,2,299.92,4.67,D,0
17.07345,99.64238,336.34,0.4,0.37,2023-12-01,642,N,VIIRS,n,2,295.92,4.07,D,0
17.08142,97.2873,336.8,0.39,0.36,2023-12-01,642,N,VIIRS,n,2,301.55,6.17,D,0
17.08802,97.26387,330.57,0.39,0.36,2023-12-01,642,N,VIIRS,l,2,301.26,1.65,D,0
17.09022,97.25606,333.84,0.39,0.36,2023-12-01,642,N,VIIRS,n,2,298.29,2.49,D,0
17.09467,97.26276,342.55,0.39,0.36,2023-12-01,642,N,VIIRS,n,2,301.17,3.85,D,0
17.09789,97.21752,336.83,0.39,0.36,2023-12-01,642,N,VIIRS,n,2,301.63,5.26,D,0
17.10576,97.26834,332.6,0.39,0.36,2023-12-01,642,N,VIIRS,l,2,302.75,2.54,D,0
17.12566,97.24267,330.09,0.39,0.36,2023-12-01,642,N,VIIRS,l,2,302.23,1.31,D,0
17.22804,98.29424,333.19,0.39,0.36,2023-12-01,642,N,VIIRS,n,2,295.09,3.62,D,0
17.23435,98.22304,333.62,0.38,0.36,2023-12-01,642,N,VIIRS,n,2,297.28,2.98,D,0
17.30982,99.5666,337.48,0.4,0.37,2023-12-01,642,N,VIIRS,n,2,296.38,2.94,D,0
17.3359,99.43484,335.89,0.4,0.37,2023-12-01,642,N,VIIRS,n,2,297.23,2.67,D,0
17.44243,99.6674,339.11,0.41,0.37,2023-12-01,642,N,VIIRS,n,2,297.68,4.75,D,0
16.74254,94.70708,342.0,0.46,0.39,2023-12-01,643,N,VIIRS,n,2,296.59,8.14,D,0
16.75669,94.87732,338.11,0.46,0.39,2023-12-01,643,N,VIIRS,n,2,298.09,5.2,D,0
16.77954,94.79383,335.5,0.46,0.39,2023-12-01,643,N,VIIRS,n,2,295.65,4.36,D,0
16.81257,94.88042,334.76,0.46,0.39,2023-12-01,643,N,VIIRS,n,2,295.06,3.23,D,0
16.83768,94.85393,332.98,0.46,0.39,2023-12-01,643,N,VIIRS,n,2,295.96,3.37,D,0
17.06079,96.55208,330.46,0.4,0.37,2023-12-01,643,N,VIIRS,l,2,303.17,0.83,D,0
17.08556,96.42479,337.04,0.4,0.37,2023-12-01,643,N,VIIRS,n,2,298.51,1.93,D,0
17.08834,96.42045,335.28,0.4,0.37,2023-12-01,643,N,VIIRS,n,2,301.6,3.28,D,0
17.09609,96.40368,333.52,0.4,0.37,2023-12-01,643,N,VIIRS,n,2,300.91,3.54,D,0
17.11493,96.43513,344.41,0.4,0.37,2023-12-01,643,N,VIIRS,n,2,299.6,3.21,D,0
17.11499,96.67638,331.59,0.4,0.37,2023-12-01,643,N,VIIRS,n,2,299.52,1.49,D,0
17.11559,96.43476,345.51,0.4,0.37,2023-12-01,643,N,VIIRS,n,2,299.66,4.75,D,0
17.11746,96.29523,331.08,0.4,0.37,2023-12-01,643,N,VIIRS,n,2,299.16,2.7,D,0
17.12024,96.29086,334.15,0.4,0.37,2023-12-01,643,N,VIIRS,n,2,299.65,4.47,D,0
17.1539,95.52377,331.12,0.43,0.38,2023-12-01,643,N,VIIRS,n,2,297.11,2.58,D,0
17.1643,96.79317,330.94,0.39,0.36,2023-12-01,643,N,VIIRS,n,2,298.94,1.8,D,0
17.19182,97.14541,332.05,0.39,0.36,2023-12-01,643,N,VIIRS,n,2,300.18,2.66,D,0
17.19685,97.15577,337.33,0.39,0.36,2023-12-01,643,N,VIIRS,n,2,298.25,2.33,D,0
17.21331,97.00657,333.29,0.39,0.36,2023-12-01,643,N,VIIRS,n,2,299.13,3.3,D,0
17.21389,97.01022,335.42,0.39,0.36,2023-12-01,643,N,VIIRS,n,2,302.21,3.3,D,0
17.22055,97.00908,333.46,0.39,0.36,2023-12-01,643,N,VIIRS,n,2,300.78,2.09,D,0
17.2214,96.66541,335.61,0.4,0.37,2023-12-01,643,N,VIIRS,n,2,300.09,2.73,D,0
17.22475,96.66484,334.52,0.4,0.37,2023-12-01,643,N,VIIRS,n,2,298.91,2.73,D,0
17.25983,96.63581,338.18,0.4,0.37,2023-12-01,643,N,VIIRS,n,2,301.13,3.14,D,0
17.26657,96.50478,338.79,0.4,0.37,2023-12-01,643,N,VIIRS,n,2,299.41,2.64,D,0
17.2679,96.66487,336.11,0.4,0.37,2023-12-01,643,N,VIIRS,n,2,302.06,3.09,D,0
17.27554,96.71293,350.72,0.39,0.36,2023-12-01,643,N,VIIRS,n,2,300.39,6.81,D,0
17.27681,96.77736,334.95,0.39,0.36,2023-12-01,643,N,VIIRS,n,2,299.69,4.27,D,0
17.27879,96.77678,339.65,0.39,0.36,2023-12-01,643,N,VIIRS,n,2,301.1,8.5,D,0
17.28563,96.79829,336.34,0.39,0.36,2023-12-01,643,N,VIIRS,n,2,299.6,2.75,D,0
17.30917,96.81691,330.95,0.39,0.36,2023-12-01,643,N,VIIRS,n,2,299.89,2.47,D,0
17.3102,96.7146,337.31,0.39,0.36,2023-12-01,643,N,VIIRS,n,2,299.09,2.83,D,0
17.31355,96.71403,340.86,0.39,0.36,2023-12-01,643,N,VIIRS,n,2,297.42,2.83,D,0
17.32534,95.91405,336.88,0.41,0.37,2023-12-01,643,N,VIIRS,n,2,298.13,2.47,D,0
17.34244,95.91105,336.73,0.41,0.37,2023-12-01,643,N,VIIRS,n,2,298.07,3.26,D,0
17.34266,96.72422,340.53,0.39,0.36,2023-12-01,643,N,VIIRS,n,2,300.97,10.86,D,0
17.34486,96.54109,331.62,0.4,0.37,2023-12-01,643,N,VIIRS,n,2,298.1,1.62,D,0
17.34742,96.77637,330.95,0.39,0.36,2023-12-01,643,N,VIIRS,n,2,298.11,1.65,D,0
17.35009,96.85901,331.05,0.39,0.36,2023-12-01,643,N,VIIRS,n,2,300.02,2.26,D,0
17.35065,96.75317,334.38,0.39,0.36,2023-12-01,643,N,VIIRS,n,2,297.92,2.54,D,0
17.35549,96.53574,335.4,0.4,0.37,2023-12-01,643,N,VIIRS,n,2,298.74,3.55,D,0
17.35905,96.55806,334.11,0.4,0.37,2023-12-01,643,N,VIIRS,n,2,299.25,3.41,D,0
17.36161,96.53087,333.3,0.4,0.37,2023-12-01,643,N,VIIRS,n,2,297.74,1.79,D,0
17.36345,96.74719,335.47,0.39,0.36,2023-12-01,643,N,VIIRS,n,2,300.52,4.46,D,0
17.37129,96.75337,336.72,0.39,0.36,2023-12-01,643,N,VIIRS,n,2,299.55,3.38,D,0
17.37404,96.8587,331.0,0.39,0.36,2023-12-01,643,N,VIIRS,n,2,298.53,1.67,D,0
17.37748,96.88072,329.96,0.39,0.36,2023-12-01,643,N,VIIRS,n,2,298.3,2.19,D,0
17.38375,96.78907,330.13,0.39,0.36,2023-12-01,643,N,VIIRS,n,2,298.86,4.05,D,0
17.38432,96.79276,337.23,0.39,0.36,2023-12-01,643,N,VIIRS,n,2,299.42,4.05,D,0
17.38479,96.77377,333.29,0.39,0.36,2023-12-01,643,N,VIIRS,n,2,298.15,1.92,D,0
17.39016,96.66701,338.5,0.39,0.37,2023-12-01,643,N,VIIRS,n,2,300.3,2.67,D,0
17.39214,95.89449,333.32,0.41,0.37,2023-12-01,643,N,VIIRS,n,2,296.38,3.0,D,0
17.39277,95.89835,331.18,0.41,0.37,2023-12-01,643,N,VIIRS,n,2,297.24,3.29,D,0
17.39334,96.64365,340.29,0.39,0.37,2023-12-01,643,N,VIIRS,n,2,299.79,2.99,D,0
17.39669,96.64307,339.54,0.39,0.37,2023-12-01,643,N,VIIRS,n,2,300.5,2.99,D,0
17.39914,96.86574,333.43,0.39,0.36,2023-12-01,643,N,VIIRS,n,2,298.96,1.38,D,0
17.40028,96.87308,337.62,0.39,0.36,2023-12-01,643,N,VIIRS,n,2,299.52,1.93,D,0
17.40096,96.86559,332.43,0.39,0.36,2023-12-01,643,N,VIIRS,n,2,298.8,1.93,D,0
17.40212,96.87292,331.38,0.39,0.36,2023-12-01,643,N,VIIRS,n,2,298.44,1.77,D,0
17.41184,96.4992,330.76,0.4,0.37,2023-12-01,643,N,VIIRS,n,2,299.16,1.96,D,0
17.41665,96.61682,338.87,0.4,0.37,2023-12-01,643,N,VIIRS,n,2,299.54,3.13,D,0
17.41726,96.79491,347.09,0.39,0.36,2023-12-01,643,N,VIIRS,n,2,300.83,5.52,D,0
17.4206,96.79435,331.32,0.39,0.36,2023-12-01,643,N,VIIRS,n,2,297.36,5.52,D,0
17.42133,96.64646,335.15,0.39,0.37,2023-12-01,643,N,VIIRS,n,2,299.44,2.21,D,0
17.42764,96.5118,336.66,0.4,0.37,2023-12-01,643,N,VIIRS,n,2,299.41,4.66,D,0
17.43094,96.75099,331.02,0.39,0.36,2023-12-01,643,N,VIIRS,n,2,298.94,3.46,D,0
17.431,95.89561,333.31,0.41,0.37,2023-12-01,643,N,VIIRS,n,2,298.72,2.36,D,0
17.43101,96.51122,339.91,0.4,0.37,2023-12-01,643,N,VIIRS,n,2,298.75,4.66,D,0
17.43159,96.51495,330.2,0.4,0.37,2023-12-01,643,N,VIIRS,n,2,298.09,2.14,D,0
17.43428,96.75041,346.93,0.39,0.36,2023-12-01,643,N,VIIRS,n,2,298.04,3.46,D,0
17.43437,96.51064,331.46,0.4,0.37,2023-12-01,643,N,VIIRS,n,2,298.77,2.4,D,0
17.45966,96.60557,342.58,0.4,0.37,2023-12-01,643,N,VIIRS,n,2,301.56,5.1,D,0
17.46278,96.86639,329.78,0.39,0.36,2023-12-01,643,N,VIIRS,l,2,300.28,4.73,D,0
17.46906,94.97944,346.03,0.44,0.39,2023-12-01,643,N,VIIRS,n,2,295.92,7.99,D,0
17.50125,96.55246,339.63,0.4,0.37,2023-12-01,643,N,VIIRS,n,2,301.72,4.17,D,0
17.50166,96.53329,330.7,0.4,0.37,2023-12-01,643,N,VIIRS,n,2,298.69,2.04,D,0
17.50418,96.72307,336.11,0.39,0.36,2023-12-01,643,N,VIIRS,n,2,299.62,3.73,D,0
17.5245,96.85183,332.6,0.39,0.36,2023-12-01,643,N,VIIRS,n,2,298.87,0.68,D,0
17.52542,96.72701,332.12,0.39,0.36,2023-12-01,643,N,VIIRS,n,2,300.67,1.81,D,0
17.55281,96.8357,339.59,0.39,0.36,2023-12-01,643,N,VIIRS,n,2,299.57,2.99,D,0
17.5665,96.79186,340.4,0.39,0.36,2023-12-01,643,N,VIIRS,n,2,301.36,2.51,D,0
17.56984,96.79129,330.79,0.39,0.36,2023-12-01,643,N,VIIRS,n,2,298.72,2.51,D,0
17.57295,96.85488,342.19,0.39,0.36,2023-12-01,643,N,VIIRS,n,2,300.26,4.07,D,0
17.5877,96.79579,329.82,0.39,0.36,2023-12-01,643,N,VIIRS,l,2,300.5,0.87,D,0
17.61516,95.86734,335.94,0.41,0.37,2023-12-01,643,N,VIIRS,n,2,299.79,3.04,D,0
17.63934,95.79936,334.93,0.41,0.37,2023-12-01,643,N,VIIRS,n,2,297.82,3.89,D,0
17.6532,96.56795,337.99,0.4,0.37,2023-12-01,643,N,VIIRS,n,2,300.91,3.86,D,0
17.65932,96.56308,339.49,0.4,0.37,2023-12-01,643,N,VIIRS,n,2,299.44,3.1,D,0
17.66486,96.5545,330.56,0.4,0.37,2023-12-01,643,N,VIIRS,n,2,297.64,1.69,D,0
17.68122,99.90301,333.78,0.42,0.37,2023-12-01,643,N,VIIRS,n,2,295.8,4.96,D,0
17.68343,95.15887,338.8,0.43,0.38,2023-12-01,643,N,VIIRS,n,2,297.58,3.54,D,0
17.708,96.55454,329.74,0.4,0.37,2023-12-01,643,N,VIIRS,n,2,298.87,2.07,D,0
17.70822,96.83138,337.06,0.39,0.36,2023-12-01,643,N,VIIRS,n,2,301.71,3.01,D,0
17.74025,96.78039,330.48,0.39,0.36,2023-12-01,643,N,VIIRS,l,2,301.61,1.89,D,0
17.74377,95.13122,333.62,0.44,0.38,2023-12-01,643,N,VIIRS,n,2,297.34,3.4,D,0
17.74823,96.54762,339.12,0.4,0.37,2023-12-01,643,N,VIIRS,n,2,298.89,3.29,D,0
17.75918,98.38784,330.98,0.39,0.36,2023-12-01,643,N,VIIRS,n,2,294.89,2.15,D,0
17.76004,96.55701,347.57,0.39,0.37,2023-12-01,643,N,VIIRS,n,2,300.54,12.59,D,0
17.81141,95.19064,333.11,0.43,0.38,2023-12-01,643,N,VIIRS,n,2,296.93,2.4,D,0
17.82108,96.78123,334.86,0.39,0.36,2023-12-01,643,N,VIIRS,n,2,299.98,2.56,D,0
17.83088,96.58251,344.28,0.39,0.36,2023-12-01,643,N,VIIRS,n,2,299.18,3.77,D,0
17.86281,95.21893,331.85,0.43,0.38,2023-12-01,643,N,VIIRS,n,2,297.16,2.9,D,0
17.8746,95.22514,334.23,0.43,0.38,2023-12-01,643,N,VIIRS,n,2,297.61,2.83,D,0
17.88126,96.79358,334.26,0.39,0.36,2023-12-01,643,N,VIIRS,n,2,300.46,2.9,D,0
17.90288,99.3774,334.53,0.4,0.37,2023-12-01,643,N,VIIRS,n,2,293.32,5.67,D,0
17.90627,99.37686,333.11,0.4,0.37,2023-12-01,643,N,VIIRS,n,2,294.44,6.49,D,0
17.91549,95.20583,350.82,0.43,0.38,2023-12-01,643,N,VIIRS,n,2,299.28,11.99,D,0
17.91764,95.1971,332.68,0.43,0.38,2023-12-01,643,N,VIIRS,n,2,297.18,9.22,D,0
17.92291,96.67342,343.93,0.39,0.36,2023-12-01,643,N,VIIRS,n,2,299.94,3.13,D,0
17.92509,96.66547,333.09,0.39,0.36,2023-12-01,643,N,VIIRS,n,2,299.66,1.84,D,0
17.92827,96.64217,331.53,0.39,0.36,2023-12-01,643,N,VIIRS,n,2,298.59,2.88,D,0
17.92886,96.64587,333.67,0.39,0.36,2023-12-01,643,N,VIIRS,n,2,298.47,2.88,D,0
17.94228,95.25916,333.76,0.43,0.38,2023-12-01,643,N,VIIRS,n,2,298.15,3.71,D,0
17.94253,96.68899,329.32,0.39,0.36,2023-12-01,643,N,VIIRS,n,2,299.27,1.46,D,0
17.94398,96.65465,330.91,0.39,0.36,2023-12-01,643,N,VIIRS,l,2,301.47,2.22,D,0
17.94557,96.64301,327.55,0.39,0.36,2023-12-01,643,N,VIIRS,l,2,299.0,1.58,D,0
17.95901,95.33875,338.8,0.43,0.38,2023-12-01,643,N,VIIRS,n,2,298.15,4.74,D,0
17.95951,95.27676,326.9,0.43,0.38,2023-12-01,643,N,VIIRS,n,2,297.46,0.83,D,0
17.97002,99.72857,330.23,0.41,0.37,2023-12-01,643,N,VIIRS,n,2,296.86,2.67,D,0
17.98402,96.73483,330.62,0.39,0.36,2023-12-01,643,N,VIIRS,n,2,299.31,1.16,D,0
18.03549,95.36221,329.15,0.42,0.38,2023-12-01,643,N,VIIRS,n,2,296.33,1.73,D,0
18.07679,95.59061,327.21,0.42,0.37,2023-12-01,643,N,VIIRS,n,2,296.95,1.15,D,0
18.0845,96.66421,333.08,0.39,0.36,2023-12-01,643,N,VIIRS,n,2,300.35,2.06,D,0
18.08694,98.58887,327.53,0.39,0.36,2023-12-01,643,N,VIIRS,n,2,294.99,2.22,D,0
18.08784,96.66363,328.6,0.39,0.36,2023-12-01,643,N,VIIRS,l,2,299.03,2.24,D,0
18.09368,95.34768,331.32,0.42,0.38,2023-12-01,643,N,VIIRS,n,2,298.1,2.91,D,0
18.1026,96.71407,328.52,0.39,0.36,2023-12-01,643,N,VIIRS,l,2,298.89,1.78,D,0
18.12237,96.77488,331.74,0.39,0.36,2023-12-01,643,N,VIIRS,n,2,298.7,2.31,D,0
18.13869,95.51493,330.72,0.42,0.38,2023-12-01,643,N,VIIRS,n,2,297.15,1.93,D,0
18.16731,95.28616,329.8,0.43,0.38,2023-12-01,643,N,VIIRS,n,2,296.09,2.71,D,0
18.21874,96.67498,332.21,0.39,0.36,2023-12-01,643,N,VIIRS,n,2,297.67,1.94,D,0
18.24356,96.62483,348.16,0.39,0.36,2023-12-01,643,N,VIIRS,n,2,298.97,7.04,D,0
18.28552,95.2816,333.31,0.42,0.38,2023-12-01,643,N,VIIRS,n,2,294.37,2.31,D,0
18.30246,96.69421,333.56,0.39,0.36,2023-12-01,643,N,VIIRS,n,2,297.74,2.01,D,0
18.31208,96.6244,334.62,0.39,0.36,2023-12-01,643,N,VIIRS,n,2,298.89,2.8,D,0
18.34667,96.54673,330.41,0.39,0.36,2023-12-01,643,N,VIIRS,n,2,298.02,2.4,D,0
18.35858,95.06551,331.92,0.43,0.38,2023-12-01,643,N,VIIRS,n,2,294.32,2.36,D,0
18.38482,99.60932,327.53,0.41,0.37,2023-12-01,643,N,VIIRS,n,2,295.61,3.76,D,0
18.40383,98.51734,327.4,0.39,0.36,2023-12-01,643,N,VIIRS,n,2,292.03,2.34,D,0
18.53498,99.66169,344.17,0.41,0.37,2023-12-01,643,N,VIIRS,n,2,295.29,8.77,D,0
18.7688,99.56573,329.22,0.41,0.37,2023-12-01,643,N,VIIRS,n,2,297.05,4.3,D,0
18.77521,99.5656,329.36,0.41,0.37,2023-12-01,643,N,VIIRS,n,2,298.08,4.03,D,0
19.4484,99.79227,328.25,0.42,0.38,2023-12-01,643,N,VIIRS,n,2,294.99,2.75,D,0
19.45251,99.77098,337.93,0.42,0.38,2023-12-01,643,N,VIIRS,n,2,294.73,4.7,D,0
19.67103,99.86697,328.14,0.43,0.38,2023-12-01,643,N,VIIRS,n,2,297.29,1.9,D,0
19.70144,99.69252,337.59,0.42,0.38,2023-12-01,643,N,VIIRS,n,2,296.32,3.33,D,0
19.74935,99.73064,327.2,0.43,0.38,2023-12-01,643,N,VIIRS,n,2,296.93,1.84,D,0
19.77307,99.74774,333.04,0.43,0.38,2023-12-01,643,N,VIIRS,n,2,295.52,3.01,D,0
19.77409,99.74853,331.26,0.43,0.38,2023-12-01,643,N,VIIRS,n,2,294.23,3.12,D,0
19.79338,99.4529,327.65,0.42,0.37,2023-12-01,643,N,VIIRS,n,2,289.63,1.5,D,0
19.88399,99.89906,338.48,0.43,0.38,2023-12-01,643,N,VIIRS,n,2,297.54,3.91,D,0
20.00965,99.92325,326.54,0.43,0.38,2023-12-01,643,N,VIIRS,n,2,296.29,2.91,D,0
20.01539,99.34689,349.33,0.41,0.37,2023-12-01,643,N,VIIRS,n,2,297.37,10.92,D,0
20.01668,99.92217,329.94,0.43,0.38,2023-12-01,643,N,VIIRS,n,2,294.12,1.91,D,0
19.54318,85.219,330.81,0.52,0.67,2023-12-01,644,N,VIIRS,n,2,294.66,4.94,D,0
19.78894,85.26061,341.7,0.51,0.66,2023-12-01,644,N,VIIRS,n,2,295.53,10.14,D,0
20.79682,85.25555,328.82,0.49,0.65,2023-12-01,644,N,VIIRS,n,2,295.72,4.91,D,2
20.88721,84.98186,327.65,0.51,0.66,2023-12-01,644,N,VIIRS,n,2,295.66,3.36,D,2
20.96502,86.00497,332.73,0.44,0.62,2023-12-01,644,N,VIIRS,n,2,294.63,2.6,D,2
20.96594,85.01652,332.37,0.5,0.66,2023-12-01,644,N,VIIRS,n,2,295.17,8.54,D,0
21.26757,82.3089,329.0,0.73,0.76,2023-12-01,644,N,VIIRS,n,2,290.49,4.38,D,0
21.37863,94.00149,325.14,0.44,0.39,2023-12-01,644,N,VIIRS,n,2,291.13,2.46,D,0
21.93235,94.85296,331.64,0.41,0.37,2023-12-01,644,N,VIIRS,n,2,297.37,1.95,D,0
21.93511,94.84839,337.06,0.41,0.37,2023-12-01,644,N,VIIRS,n,2,300.38,12.91,D,0
21.93575,94.85232,332.15,0.41,0.37,2023-12-01,644,N,VIIRS,n,2,296.91,1.95,D,0
22.04662,92.31311,328.23,0.52,0.41,2023-12-01,644,N,VIIRS,n,2,296.91,3.12,D,0
22.27254,86.85458,334.58,0.36,0.58,2023-12-01,644,N,VIIRS,n,2,295.71,2.96,D,0
22.27602,86.85443,329.16,0.36,0.58,2023-12-01,644,N,VIIRS,n,2,294.75,2.13,D,0
22.49012,97.03772,334.89,0.39,0.36,2023-12-01,644,N,VIIRS,n,2,296.98,4.01,D,0
22.66573,87.51584,334.29,0.32,0.55,2023-12-01,644,N,VIIRS,n,2,294.54,1.91,D,0
22.67112,87.54085,328.02,0.32,0.55,2023-12-01,644,N,VIIRS,n,2,296.53,2.58,D,0
22.67649,87.5658,351.97,0.32,0.55,2023-12-01,644,N,VIIRS,n,2,297.06,5.3,D,0
22.67715,87.56892,348.22,0.32,0.55,2023-12-01,644,N,VIIRS,n,2,297.45,5.3,D,0
22.69456,87.25359,332.59,0.34,0.56,2023-12-01,644,N,VIIRS,n,2,295.26,2.56,D,0
22.72806,88.10399,330.66,0.59,0.53,2023-12-01,644,N,VIIRS,n,2,297.05,4.35,D,0
22.74934,87.61329,332.8,0.32,0.54,2023-12-01,644,N,VIIRS,n,2,295.75,1.99,D,0
22.75235,87.60281,328.02,0.32,0.55,2023-12-01,644,N,VIIRS,n,2,295.29,1.32,D,0
22.76801,87.75144,332.53,0.62,0.54,2023-12-01,644,N,VIIRS,n,2,296.37,4.5,D,0
22.84803,87.91385,330.66,0.61,0.53,2023-12-01,644,N,VIIRS,n,2,296.58,5.65,D,0
22.92485,94.04054,330.25,0.43,0.38,2023-12-01,644,N,VIIRS,n,2,300.27,2.87,D,0
23.00577,94.05447,325.42,0.42,0.38,2023-12-01,644,N,VIIRS,n,2,298.18,1.3,D,0
23.04232,94.03074,326.44,0.42,0.38,2023-12-01,644,N,VIIRS,n,2,298.17,1.93,D,0
23.06787,95.42641,335.03,0.39,0.36,2023-12-01,644,N,VIIRS,n,2,298.4,3.08,D,0
23.21958,94.07726,332.91,0.42,0.38,2023-12-01,644,N,VIIRS,n,2,298.91,2.67,D,0
23.25228,90.01382,332.92,0.44,0.46,2023-12-01,644,N,VIIRS,n,2,298.53,3.13,D,0
23.29043,97.9088,332.57,0.4,0.37,2023-12-01,644,N,VIIRS,n,2,296.41,2.8,D,0
23.42285,96.07084,331.15,0.38,0.36,2023-12-01,644,N,VIIRS,n,2,297.28,2.18,D,0
23.66632,97.85394,329.52,0.4,0.37,2023-12-01,644,N,VIIRS,n,2,294.88,4.25,D,0
23.68269,96.15514,333.22,0.38,0.36,2023-12-01,644,N,VIIRS,n,2,298.39,2.67,D,0
23.76013,95.88985,326.86,0.39,0.36,2023-12-01,644,N,VIIRS,l,2,298.59,1.51,D,0
23.76286,95.88549,332.67,0.39,0.36,2023-12-01,644,N,VIIRS,n,2,300.23,5.3,D,0
23.78644,97.98718,328.36,0.4,0.37,2023-12-01,644,N,VIIRS,n,2,295.94,2.38,D,0
23.80209,94.17336,325.8,0.41,0.37,2023-12-01,644,N,VIIRS,n,2,298.32,2.1,D,0
23.96252,94.29571,328.31,0.41,0.37,2023-12-01,644,N,VIIRS,n,2,301.28,2.93,D,0
24.05717,96.46244,336.29,0.38,0.36,2023-12-01,644,N,VIIRS,n,2,301.18,5.91,D,0
24.09593,94.75036,343.25,0.4,0.37,2023-12-01,644,N,VIIRS,n,2,296.32,5.94,D,0
24.39372,97.34071,328.63,0.39,0.36,2023-12-01,644,N,VIIRS,l,2,299.04,1.33,D,0
24.44757,97.39497,332.16,0.39,0.37,2023-12-01,644,N,VIIRS,n,2,299.51,2.95,D,0
22.69658,87.25166,330.2,0.34,0.56,2023-12-01,645,N,VIIRS,n,2,295.08,2.71,D,0
22.79109,87.5656,353.03,0.32,0.55,2023-12-01,645,N,VIIRS,n,2,296.89,4.69,D,0
22.81098,87.56083,328.01,0.32,0.55,2023-12-01,645,N,VIIRS,n,2,297.0,1.42,D,0
22.82726,87.51427,334.04,0.32,0.55,2023-12-01,645,N,VIIRS,n,2,296.59,2.9,D,0
22.83584,87.5548,331.8,0.32,0.55,2023-12-01,645,N,VIIRS,n,2,296.28,2.69,D,0
22.8496,87.91148,338.11,0.61,0.53,2023-12-01,645,N,VIIRS,n,2,296.75,5.04,D,0
22.90957,87.53805,331.07,0.32,0.55,2023-12-01,645,N,VIIRS,n,2,296.94,1.69,D,0
22.91057,87.51826,339.0,0.32,0.55,2023-12-01,645,N,VIIRS,n,2,296.85,3.12,D,0
22.91554,87.51703,336.46,0.32,0.55,2023-12-01,645,N,VIIRS,n,2,297.13,3.12,D,0
23.0314,87.49831,329.15,0.32,0.55,2023-12-01,645,N,VIIRS,n,2,296.74,1.16,D,0
23.03876,87.83247,335.64,0.61,0.53,2023-12-01,645,N,VIIRS,n,2,296.31,5.05,D,0
23.04056,87.83161,334.05,0.61,0.53,2023-12-01,645,N,VIIRS,n,2,296.31,4.57,D,0
23.07859,87.45551,330.21,0.32,0.55,2023-12-01,645,N,VIIRS,n,2,295.37,1.47,D,0
23.09063,87.51108,346.14,0.32,0.54,2023-12-01,645,N,VIIRS,n,2,296.05,7.96,D,0
23.24727,87.5371,340.31,0.63,0.54,2023-12-01,645,N,VIIRS,n,2,296.05,8.23,D,0
23.25414,89.71558,335.66,0.46,0.47,2023-12-01,645,N,VIIRS,n,2,299.51,3.46,D,0
23.77758,86.38992,332.14,0.36,0.57,2023-12-01,645,N,VIIRS,n,2,298.62,4.24,D,2
23.77941,86.34803,327.15,0.36,0.58,2023-12-01,645,N,VIIRS,n,2,295.05,1.97,D,2
23.80333,86.33089,328.01,0.36,0.58,2023-12-01,645,N,VIIRS,n,2,297.69,1.84,D,2
23.8143,89.94993,340.96,0.44,0.46,2023-12-01,645,N,VIIRS,n,2,299.65,5.14,D,0
23.94378,92.78431,330.19,0.46,0.39,2023-12-01,645,N,VIIRS,n,2,295.7,3.4,D,0
23.9837,89.41102,341.73,0.47,0.48,2023-12-01,645,N,VIIRS,n,2,300.14,4.75,D,0
24.02075,89.77931,336.92,0.44,0.46,2023-12-01,645,N,VIIRS,n,2,299.28,2.87,D,0
24.0877,90.03091,330.27,0.43,0.46,2023-12-01,645,N,VIIRS,l,2,300.61,2.41,D,0
24.21328,90.00266,332.85,0.43,0.46,2023-12-01,645,N,VIIRS,n,2,299.5,3.0,D,0
24.39268,94.80681,325.56,0.4,0.37,2023-12-01,645,N,VIIRS,n,2,297.41,1.04,D,0
24.60958,94.12009,332.51,0.41,0.37,2023-12-01,645,N,VIIRS,n,2,292.72,4.38,D,0
24.65143,93.67542,342.75,0.42,0.38,2023-12-01,645,N,VIIRS,n,2,296.83,6.37,D,0
24.69648,97.40833,334.9,0.4,0.37,2023-12-01,645,N,VIIRS,n,2,298.92,4.43,D,0
24.78212,95.05882,330.19,0.39,0.36,2023-12-01,645,N,VIIRS,n,2,295.48,2.39,D,0
24.78544,95.05818,338.12,0.39,0.36,2023-12-01,645,N,VIIRS,n,2,296.26,8.14,D,0
24.84894,96.41786,339.63,0.38,0.36,2023-12-01,645,N,VIIRS,n,2,300.78,3.15,D,0
24.89653,95.11697,335.74,0.39,0.36,2023-12-01,645,N,VIIRS,n,2,295.78,3.89,D,0
25.12679,97.49303,331.81,0.4,0.37,2023-12-01,645,N,VIIRS,n,2,297.78,3.57,D,0
25.12735,97.49699,336.48,0.4,0.37,2023-12-01,645,N,VIIRS,n,2,299.96,3.57,D,0
25.13072,97.49643,336.07,0.4,0.37,2023-12-01,645,N,VIIRS,n,2,302.15,7.32,D,0
25.22807,97.25105,325.34,0.4,0.37,2023-12-01,645,N,VIIRS,n,2,298.78,1.92,D,0
25.26907,98.31476,328.44,0.42,0.38,2023-12-01,645,N,VIIRS,n,2,302.8,2.89,D,2
25.29402,93.87289,326.02,0.41,0.37,2023-12-01,645,N,VIIRS,l,2,297.22,3.75,D,0
25.38519,92.23585,326.84,0.47,0.4,2023-12-01,645,N,VIIRS,n,2,298.93,2.4,D,0
25.53446,96.64146,331.6,0.39,0.36,2023-12-01,645,N,VIIRS,n,2,299.22,1.7,D,0
25.54567,96.69479,327.06,0.39,0.36,2023-12-01,645,N,VIIRS,l,2,299.71,1.76,D,0
25.5851,94.27774,329.66,0.4,0.37,2023-12-01,645,N,VIIRS,n,2,291.13,3.78,D,0
25.58526,96.77886,331.99,0.39,0.36,2023-12-01,645,N,VIIRS,n,2,299.0,2.91,D,0
26.04572,94.31236,333.51,0.4,0.37,2023-12-01,645,N,VIIRS,n,2,293.5,3.33,D,0
26.19237,98.63451,328.68,0.44,0.38,2023-12-01,645,N,VIIRS,n,2,289.69,2.44,D,0
26.19589,98.63512,346.01,0.44,0.38,2023-12-01,645,N,VIIRS,n,2,293.84,8.38,D,0
26.1959,98.63402,330.5,0.44,0.38,2023-12-01,645,N,VIIRS,n,2,292.6,2.44,D,0
26.19644,98.63808,330.45,0.44,0.38,2023-12-01,645,N,VIIRS,n,2,293.37,4.77,D,0
26.29112,96.6185,330.6,0.39,0.36,2023-12-01,645,N,VIIRS,n,2,296.52,3.64,D,0
26.51194,94.81316,337.75,0.39,0.36,2023-12-01,645,N,VIIRS,n,2,293.72,3.98,D,0
26.54449,94.84642,337.92,0.39,0.36,2023-12-01,645,N,VIIRS,n,2,299.79,21.85,D,0
26.5985,91.62823,333.67,0.48,0.4,2023-12-01,645,N,VIIRS,n,2,300.23,4.78,D,0
26.6027,91.34577,326.21,0.5,0.41,2023-12-01,645,N,VIIRS,n,2,298.81,2.12,D,0
26.62378,91.72719,331.43,0.48,0.4,2023-12-01,645,N,VIIRS,n,2,297.82,2.48,D,0
26.6816,91.26804,331.72,0.5,0.41,2023-12-01,645,N,VIIRS,n,2,298.61,2.97,D,0
27.15491,96.1,330.5,0.39,0.36,2023-12-01,645,N,VIIRS,n,2,297.69,2.89,D,0
27.18496,96.1424,330.31,0.39,0.36,2023-12-01,645,N,VIIRS,n,2,296.19,2.35,D,0
27.31713,93.6674,286.86,0.4,0.37,2023-12-01,645,N,VIIRS,l,2,298.4,19.33,D,0
27.31778,93.67136,330.79,0.4,0.37,2023-12-01,645,N,VIIRS,n,2,298.7,20.0,D,0
27.31798,95.267,327.7,0.38,0.36,2023-12-01,645,N,VIIRS,n,2,296.75,1.62,D,2
27.43636,97.32579,325.15,0.41,0.37,2023-12-01,645,N,VIIRS,n,2,293.52,0.84,D,0
27.46156,95.47833,326.06,0.38,0.36,2023-12-01,645,N,VIIRS,n,2,297.59,1.59,D,0
27.50788,96.15693,332.51,0.39,0.36,2023-12-01,645,N,VIIRS,n,2,302.49,2.55,D,0
27.52666,93.72514,338.06,0.4,0.37,2023-12-01,645,N,VIIRS,n,2,298.91,4.22,D,0
27.52939,93.72064,329.47,0.4,0.37,2023-12-01,645,N,VIIRS,n,2,291.82,4.22,D,0
27.53003,93.72456,333.71,0.4,0.37,2023-12-01,645,N,VIIRS,n,2,290.68,4.22,D,0
27.53453,95.40091,331.02,0.38,0.36,2023-12-01,645,N,VIIRS,n,2,296.62,1.93,D,2
27.60558,95.40324,328.44,0.38,0.36,2023-12-01,645,N,VIIRS,n,2,296.82,2.0,D,2
27.65399,94.94312,328.13,0.38,0.36,2023-12-01,645,N,VIIRS,l,2,302.19,2.11,D,0
27.65729,94.94247,331.27,0.38,0.36,2023-12-01,645,N,VIIRS,n,2,298.46,2.11,D,0
27.70217,95.50471,342.79,0.38,0.36,2023-12-01,645,N,VIIRS,n,2,298.67,5.19,D,0
27.81702,96.28667,337.87,0.39,0.36,2023-12-01,645,N,VIIRS,n,2,301.41,3.31,D,0
27.87502,96.33293,354.28,0.39,0.36,2023-12-01,645,N,VIIRS,n,2,304.97,4.48,D,0
27.87836,96.33233,328.61,0.39,0.36,2023-12-01,645,N,VIIRS,l,2,298.67,4.48,D,0
27.97482,96.2057,331.9,0.39,0.36,2023-12-01,645,N,VIIRS,n,2,300.95,2.17,D,0
26.7942,83.58513,333.9,0.46,0.63,2023-12-01,646,N,VIIRS,n,2,294.53,3.23,D,0
26.8037,83.49821,329.26,0.46,0.64,2023-12-01,646,N,VIIRS,n,2,295.69,2.62,D,0
26.85765,83.51678,326.57,0.46,0.64,2023-12-01,646,N,VIIRS,n,2,294.51,2.32,D,0
27.01013,83.44589,328.53,0.46,0.64,2023-12-01,646,N,VIIRS,n,2,294.51,3.62,D,0
27.03064,83.03274,346.98,0.49,0.65,2023-12-01,646,N,VIIRS,n,2,296.14,6.05,D,0
27.07078,83.6187,330.11,0.45,0.63,2023-12-01,646,N,VIIRS,n,2,296.57,2.47,D,0
27.08326,83.6198,327.42,0.45,0.63,2023-12-01,646,N,VIIRS,n,2,294.62,1.67,D,0
27.14444,84.82491,327.27,0.38,0.59,2023-12-01,646,N,VIIRS,n,2,294.45,1.99,D,0
27.1471,84.83633,326.05,0.38,0.59,2023-12-01,646,N,VIIRS,n,2,294.0,1.29,D,0
27.17238,84.78999,328.43,0.38,0.59,2023-12-01,646,N,VIIRS,n,2,294.71,1.69,D,0
27.2069,83.62751,330.34,0.45,0.63,2023-12-01,646,N,VIIRS,n,2,294.29,2.73,D,0
27.20712,83.6269,332.77,0.45,0.63,2023-12-01,646,N,VIIRS,n,2,294.3,2.29,D,0
27.25529,84.14842,325.35,0.42,0.61,2023-12-01,646,N,VIIRS,n,2,295.3,1.63,D,0
27.27432,83.30721,339.25,0.46,0.64,2023-12-01,646,N,VIIRS,n,2,296.02,4.11,D,0
27.32228,91.82877,325.61,0.46,0.39,2023-12-01,646,N,VIIRS,n,2,289.72,2.46,D,0
27.5573,83.0984,329.54,0.47,0.64,2023-12-01,646,N,VIIRS,n,2,295.88,2.53,D,0
28.11782,79.91859,331.14,0.69,0.75,2023-12-01,646,N,VIIRS,n,2,291.07,3.71,D,0
28.11783,79.92017,332.05,0.7,0.75,2023-12-01,646,N,VIIRS,n,2,290.86,4.27,D,0
28.1594,95.50672,334.43,0.38,0.36,2023-12-01,646,N,VIIRS,n,2,297.3,3.75,D,0
28.18252,95.73146,328.41,0.39,0.36,2023-12-01,646,N,VIIRS,l,2,302.98,2.05,D,0
28.18526,95.72692,329.07,0.39,0.36,2023-12-01,646,N,VIIRS,l,2,300.63,0.63,D,0
28.49968,95.18126,329.72,0.38,0.36,2023-12-01,646,N,VIIRS,n,2,298.84,1.9,D,0
28.74709,96.19369,345.97,0.39,0.36,2023-12-01,646,N,VIIRS,n,2,294.03,10.34,D,0
28.84622,95.87882,330.43,0.39,0.36,2023-12-01,646,N,VIIRS,n,2,295.17,3.09,D,0
28.703,80.40479,325.29,0.63,0.72,2023-12-01,647,N,VIIRS,n,2,292.0,3.03,D,0
28.7979,79.30724,330.39,0.72,0.76,2023-12-01,647,N,VIIRS,n,2,291.53,4.06,D,0
28.80302,79.30394,330.07,0.72,0.76,2023-12-01,647,N,VIIRS,n,2,291.52,5.51,D,0
10.97182,77.06874,346.74,0.46,0.39,2023-12-01,822,N,VIIRS,n,2,294.43,5.18,D,0
11.80476,76.73161,332.93,0.45,0.39,2023-12-01,822,N,VIIRS,n,2,293.38,2.12,D,0
14.24021,75.00352,344.42,0.41,0.37,2023-12-01,823,N,VIIRS,n,2,294.77,7.2,D,0
14.6882,74.29907,325.68,0.39,0.36,2023-12-01,823,N,VIIRS,l,2,300.15,2.15,D,0
14.68873,74.30273,328.78,0.39,0.36,2023-12-01,823,N,VIIRS,l,2,300.18,2.15,D,0
14.7373,75.48329,338.65,0.43,0.38,2023-12-01,823,N,VIIRS,n,2,304.16,13.86,D,0
14.93612,75.53989,332.48,0.43,0.38,2023-12-01,823,N,VIIRS,n,2,299.54,2.23,D,0
14.93667,75.54387,336.97,0.43,0.38,2023-12-01,823,N,VIIRS,n,2,298.87,2.23,D,0
14.95977,75.81232,331.83,0.44,0.38,2023-12-01,823,N,VIIRS,l,2,302.05,5.94,D,0
15.2584,80.00941,341.95,0.51,0.49,2023-12-01,823,N,VIIRS,n,2,294.53,6.52,D,0
15.41346,76.8012,332.4,0.49,0.41,2023-12-01,823,N,VIIRS,n,2,297.35,3.06,D,0
16.00301,78.19637,343.54,0.4,0.44,2023-12-01,823,N,VIIRS,n,2,302.13,4.88,D,0
16.01751,78.18652,339.65,0.4,0.44,2023-12-01,823,N,VIIRS,n,2,301.38,3.66,D,0
16.01846,78.19408,342.18,0.4,0.44,2023-12-01,823,N,VIIRS,n,2,302.35,5.92,D,0
16.19619,79.97243,331.0,0.52,0.5,2023-12-01,823,N,VIIRS,n,2,297.39,3.02,D,0
16.38749,80.47334,341.74,0.57,0.52,2023-12-01,823,N,VIIRS,n,2,298.97,9.88,D,0
16.3913,80.47113,345.31,0.57,0.52,2023-12-01,823,N,VIIRS,n,2,296.43,7.88,D,0
16.39229,80.47276,334.55,0.57,0.52,2023-12-01,823,N,VIIRS,n,2,297.92,5.33,D,0
16.27401,74.10841,332.34,0.4,0.37,2023-12-01,824,N,VIIRS,n,2,298.61,3.45,D,0
16.34834,77.56682,334.59,0.56,0.43,2023-12-01,824,N,VIIRS,n,2,302.61,4.49,D,0
16.3498,77.56919,335.43,0.56,0.43,2023-12-01,824,N,VIIRS,n,2,303.88,6.11,D,0
16.35807,77.39137,330.43,0.55,0.42,2023-12-01,824,N,VIIRS,l,2,301.73,4.31,D,0
16.36008,73.45528,336.01,0.39,0.36,2023-12-01,824,N,VIIRS,n,2,303.19,8.98,D,0
16.36199,77.39084,334.71,0.55,0.42,2023-12-01,824,N,VIIRS,n,2,301.14,4.31,D,0
16.37253,77.44172,337.4,0.55,0.43,2023-12-01,824,N,VIIRS,n,2,299.73,3.45,D,0
16.41602,77.49897,336.19,0.55,0.43,2023-12-01,824,N,VIIRS,n,2,303.82,3.74,D,0
16.48644,75.34364,331.98,0.43,0.38,2023-12-01,824,N,VIIRS,n,2,299.67,3.37,D,0
16.48687,75.34404,334.75,0.43,0.38,2023-12-01,824,N,VIIRS,n,2,300.14,3.78,D,0
16.48783,77.13989,335.03,0.53,0.42,2023-12-01,824,N,VIIRS,n,2,288.79,5.61,D,0
16.49265,77.80492,340.36,0.39,0.44,2023-12-01,824,N,VIIRS,n,2,303.42,4.08,D,0
16.50769,77.62866,336.67,0.56,0.43,2023-12-01,824,N,VIIRS,n,2,304.24,3.39,D,0
16.54238,77.21602,336.8,0.54,0.42,2023-12-01,824,N,VIIRS,n,2,292.34,3.58,D,0
16.56418,77.44456,334.23,0.55,0.43,2023-12-01,824,N,VIIRS,n,2,301.33,3.92,D,0
16.61995,74.98918,340.76,0.42,0.38,2023-12-01,824,N,VIIRS,n,2,300.87,5.51,D,0
16.65569,77.78561,330.4,0.39,0.44,2023-12-01,824,N,VIIRS,l,2,303.82,2.59,D,0
16.67226,77.78698,342.81,0.39,0.44,2023-12-01,824,N,VIIRS,n,2,305.5,3.58,D,0
16.67624,78.0117,333.93,0.4,0.44,2023-12-01,824,N,VIIRS,n,2,302.16,1.38,D,0
16.71693,77.12727,333.71,0.53,0.42,2023-12-01,824,N,VIIRS,n,2,297.94,5.68,D,0
16.7208,77.12675,333.18,0.53,0.42,2023-12-01,824,N,VIIRS,n,2,297.25,5.68,D,0
16.72771,77.09017,338.58,0.53,0.42,2023-12-01,824,N,VIIRS,n,2,294.61,6.97,D,0
16.72787,77.12067,339.67,0.53,0.42,2023-12-01,824,N,VIIRS,n,2,298.5,6.68,D,0
16.72883,77.08723,338.16,0.53,0.42,2023-12-01,824,N,VIIRS,n,2,296.68,5.34,D,0
16.72943,77.12277,336.9,0.53,0.42,2023-12-01,824,N,VIIRS,n,2,299.76,6.48,D,0
16.73722,77.06075,337.85,0.53,0.42,2023-12-01,824,N,VIIRS,n,2,296.73,4.43,D,0
16.75201,77.11453,344.32,0.53,0.42,2023-12-01,824,N,VIIRS,n,2,298.27,5.24,D,0
16.75586,77.08346,335.79,0.53,0.42,2023-12-01,824,N,VIIRS,n,2,298.81,3.97,D,0
16.75663,79.46046,331.65,0.49,0.49,2023-12-01,824,N,VIIRS,n,2,299.16,2.2,D,0
16.81447,81.38982,332.53,0.33,0.55,2023-12-01,824,N,VIIRS,n,2,296.3,2.62,D,0
16.81475,76.99447,330.18,0.52,0.42,2023-12-01,824,N,VIIRS,n,2,291.59,6.06,D,0
16.81598,76.992,335.93,0.52,0.42,2023-12-01,824,N,VIIRS,n,2,293.16,4.92,D,0
16.85007,81.7002,335.57,0.35,0.56,2023-12-01,824,N,VIIRS,n,2,296.35,3.7,D,0
16.96558,77.69341,340.55,0.38,0.44,2023-12-01,824,N,VIIRS,n,2,303.12,2.39,D,0
17.0617,79.76209,333.51,0.52,0.5,2023-12-01,824,N,VIIRS,n,2,300.23,3.05,D,0
17.06221,79.76003,334.35,0.52,0.5,2023-12-01,824,N,VIIRS,n,2,299.77,4.59,D,0
17.09161,74.21831,332.86,0.4,0.37,2023-12-01,824,N,VIIRS,n,2,303.86,3.02,D,0
17.13174,76.08353,335.35,0.47,0.4,2023-12-01,824,N,VIIRS,n,2,296.26,5.54,D,0
17.13259,76.08241,342.22,0.47,0.4,2023-12-01,824,N,VIIRS,n,2,296.81,6.26,D,0
17.18759,78.26382,343.41,0.42,0.45,2023-12-01,824,N,VIIRS,n,2,304.2,5.33,D,0
17.23431,81.43571,345.76,0.34,0.56,2023-12-01,824,N,VIIRS,n,2,296.1,5.21,D,0
17.30078,76.03838,332.94,0.47,0.4,2023-12-01,824,N,VIIRS,n,2,299.65,5.25,D,0
17.32379,77.97958,334.59,0.4,0.45,2023-12-01,824,N,VIIRS,n,2,302.09,3.63,D,0
17.34836,78.97602,330.84,0.47,0.47,2023-12-01,824,N,VIIRS,l,2,303.13,2.22,D,0
17.37361,82.44994,345.22,0.39,0.6,2023-12-01,824,N,VIIRS,n,2,294.99,3.38,D,0
17.38984,78.94914,330.01,0.47,0.47,2023-12-01,824,N,VIIRS,l,2,302.17,5.27,D,0
17.39008,78.95256,341.64,0.47,0.47,2023-12-01,824,N,VIIRS,n,2,303.07,5.08,D,0
17.43355,75.72941,334.01,0.46,0.39,2023-12-01,824,N,VIIRS,n,2,296.51,4.37,D,0
17.43409,79.13484,331.18,0.48,0.48,2023-12-01,824,N,VIIRS,n,2,299.4,2.78,D,0
17.57397,79.45993,335.66,0.5,0.49,2023-12-01,824,N,VIIRS,n,2,300.64,3.56,D,0
17.63139,79.3991,335.68,0.5,0.49,2023-12-01,824,N,VIIRS,n,2,300.93,2.75,D,0
17.66321,78.19418,332.8,0.42,0.45,2023-12-01,824,N,VIIRS,n,2,301.1,2.82,D,0
17.8316,76.76323,335.59,0.52,0.42,2023-12-01,824,N,VIIRS,n,2,300.63,4.88,D,0
17.89891,74.3363,337.28,0.41,0.37,2023-12-01,824,N,VIIRS,n,2,305.97,7.43,D,0
17.91738,78.37996,330.34,0.44,0.46,2023-12-01,824,N,VIIRS,l,2,301.55,6.25,D,0
17.91758,77.29997,332.92,0.56,0.43,2023-12-01,824,N,VIIRS,n,2,298.32,4.63,D,0
17.92113,78.37528,341.46,0.43,0.46,2023-12-01,824,N,VIIRS,n,2,301.32,3.88,D,0
17.94394,78.38483,342.3,0.44,0.46,2023-12-01,824,N,VIIRS,n,2,302.17,6.03,D,0
17.95498,78.37648,333.09,0.44,0.46,2023-12-01,824,N,VIIRS,n,2,300.79,2.08,D,0
17.96834,78.40676,341.92,0.44,0.46,2023-12-01,824,N,VIIRS,n,2,300.79,6.85,D,0
17.97168,78.40791,341.75,0.44,0.46,2023-12-01,824,N,VIIRS,n,2,302.21,9.89,D,0
17.98598,78.41867,342.12,0.44,0.46,2023-12-01,824,N,VIIRS,n,2,301.08,3.67,D,0
18.03518,78.39532,341.71,0.44,0.46,2023-12-01,824,N,VIIRS,n,2,300.96,3.56,D,0
18.06548,78.08592,336.09,0.42,0.45,2023-12-01,824,N,VIIRS,n,2,301.12,4.15,D,0
18.09069,77.4204,330.39,0.38,0.43,2023-12-01,824,N,VIIRS,n,2,297.45,1.69,D,0
18.14221,78.54032,336.85,0.45,0.47,2023-12-01,824,N,VIIRS,n,2,300.53,4.4,D,0
18.19796,79.4837,345.38,0.52,0.5,2023-12-01,824,N,VIIRS,n,2,302.51,12.24,D,0
18.19865,79.48211,341.64,0.51,0.5,2023-12-01,824,N,VIIRS,n,2,301.85,4.36,D,0
18.19925,79.48705,336.78,0.52,0.5,2023-12-01,824,N,VIIRS,n,2,302.89,4.36,D,0
18.2253,75.002,335.13,0.44,0.38,2023-12-01,824,N,VIIRS,n,2,298.51,8.78,D,0
18.23144,79.40975,348.69,0.51,0.49,2023-12-01,824,N,VIIRS,n,2,301.78,8.09,D,0
18.24754,77.9613,332.93,0.41,0.45,2023-12-01,824,N,VIIRS,n,2,301.86,3.21,D,0
18.25607,79.42173,332.75,0.51,0.49,2023-12-01,824,N,VIIRS,n,2,299.34,1.77,D,0
18.29092,79.23796,334.26,0.5,0.49,2023-12-01,824,N,VIIRS,n,2,300.91,2.47,D,0
18.31771,77.88043,349.06,0.41,0.45,2023-12-01,824,N,VIIRS,n,2,301.36,11.87,D,0
18.39402,78.07458,331.53,0.42,0.45,2023-12-01,824,N,VIIRS,n,2,301.1,2.2,D,0
18.40593,77.67326,332.34,0.4,0.44,2023-12-01,824,N,VIIRS,n,2,299.69,2.65,D,0
18.40711,77.67268,330.38,0.4,0.44,2023-12-01,824,N,VIIRS,n,2,298.79,1.96,D,0
18.46859,79.41397,339.81,0.51,0.5,2023-12-01,824,N,VIIRS,n,2,300.1,3.78,D,0
18.50108,77.73455,341.07,0.4,0.45,2023-12-01,824,N,VIIRS,n,2,299.14,3.48,D,0
18.50157,77.7384,334.88,0.4,0.45,2023-12-01,824,N,VIIRS,n,2,298.55,4.46,D,0
18.50519,77.73401,350.8,0.4,0.45,2023-12-01,824,N,VIIRS,n,2,300.35,7.49,D,0
18.50568,77.73786,342.73,0.4,0.45,2023-12-01,824,N,VIIRS,n,2,299.5,6.35,D,0
18.51647,79.46359,340.09,0.52,0.5,2023-12-01,824,N,VIIRS,n,2,298.98,3.92,D,0
18.52652,78.0059,335.17,0.42,0.45,2023-12-01,824,N,VIIRS,n,2,299.74,4.26,D,0
18.56507,74.62404,336.17,0.43,0.38,2023-12-01,824,N,VIIRS,n,2,300.48,4.46,D,0
18.56853,79.23544,339.5,0.5,0.49,2023-12-01,824,N,VIIRS,n,2,300.49,4.56,D,0
18.56855,74.6235,335.17,0.43,0.38,2023-12-01,824,N,VIIRS,n,2,298.15,4.46,D,0
18.58076,83.17035,332.39,0.45,0.63,2023-12-01,824,N,VIIRS,n,2,297.61,1.94,D,0
18.58277,83.17035,334.27,0.45,0.63,2023-12-01,824,N,VIIRS,n,2,298.04,2.58,D,0
18.61987,79.03854,342.0,0.49,0.48,2023-12-01,824,N,VIIRS,n,2,298.83,5.93,D,0
18.6477,74.36696,332.3,0.42,0.37,2023-12-01,824,N,VIIRS,n,2,300.54,2.75,D,0
18.68606,73.03059,332.5,0.39,0.36,2023-12-01,824,N,VIIRS,n,2,304.49,2.17,D,2
18.69101,73.04109,346.32,0.39,0.36,2023-12-01,824,N,VIIRS,n,2,298.52,4.87,D,2
18.69296,72.9617,332.27,0.39,0.36,2023-12-01,824,N,VIIRS,n,2,299.38,0.94,D,0
18.72668,78.62086,335.36,0.46,0.47,2023-12-01,824,N,VIIRS,n,2,298.92,3.18,D,0
18.74443,73.1721,333.36,0.39,0.36,2023-12-01,824,N,VIIRS,n,2,298.55,2.82,D,0
18.78357,83.31335,353.2,0.47,0.64,2023-12-01,824,N,VIIRS,n,2,296.73,10.06,D,0
18.80215,78.65706,332.31,0.46,0.47,2023-12-01,824,N,VIIRS,n,2,299.99,2.04,D,0
18.8149,73.10071,355.29,0.39,0.36,2023-12-01,824,N,VIIRS,n,2,307.39,7.54,D,0
18.89135,78.43309,330.93,0.45,0.47,2023-12-01,824,N,VIIRS,n,2,298.11,2.92,D,0
18.9335,78.67336,340.65,0.47,0.48,2023-12-01,824,N,VIIRS,n,2,298.05,8.67,D,0
19.87019,82.44601,333.12,0.42,0.61,2023-12-01,824,N,VIIRS,n,2,297.9,3.22,D,0
19.36922,71.35409,333.34,0.39,0.36,2023-12-01,825,N,VIIRS,n,2,297.54,3.45,D,3
19.46918,74.61565,333.94,0.43,0.38,2023-12-01,825,N,VIIRS,n,2,296.7,3.82,D,0
19.52688,71.29997,331.81,0.39,0.36,2023-12-01,825,N,VIIRS,n,2,298.09,1.52,D,3
19.53021,71.2994,340.39,0.39,0.36,2023-12-01,825,N,VIIRS,n,2,298.58,7.55,D,3
19.66032,74.75315,332.85,0.44,0.38,2023-12-01,825,N,VIIRS,n,2,298.2,1.9,D,0
19.98905,74.2222,332.04,0.42,0.38,2023-12-01,825,N,VIIRS,n,2,300.97,3.0,D,0
20.82211,70.70547,330.17,0.39,0.36,2023-12-01,825,N,VIIRS,n,2,300.77,1.76,D,0
20.83754,70.82538,336.69,0.39,0.36,2023-12-01,825,N,VIIRS,n,2,302.4,3.66,D,0
20.86532,81.41386,348.25,0.37,0.58,2023-12-01,825,N,VIIRS,n,2,296.41,3.87,D,0
20.97007,85.17446,331.4,0.65,0.73,2023-12-01,825,N,VIIRS,n,2,295.67,6.22,D,2
21.07788,85.04523,326.44,0.64,0.72,2023-12-01,825,N,VIIRS,l,2,296.87,6.21,D,2
21.07949,85.04179,325.9,0.64,0.72,2023-12-01,825,N,VIIRS,l,2,296.08,7.19,D,2
21.10434,72.63633,333.75,0.39,0.36,2023-12-01,825,N,VIIRS,n,2,298.29,4.29,D,2
21.10597,72.64761,343.57,0.39,0.36,2023-12-01,825,N,VIIRS,n,2,300.72,6.94,D,2
21.19382,74.01316,335.2,0.42,0.38,2023-12-01,825,N,VIIRS,n,2,298.34,3.19,D,0
21.24061,80.91499,334.31,0.35,0.57,2023-12-01,825,N,VIIRS,n,2,288.58,2.44,D,0
21.28961,73.82119,332.23,0.42,0.38,2023-12-01,825,N,VIIRS,n,2,299.03,3.7,D,0
21.38673,81.22774,356.06,0.37,0.58,2023-12-01,825,N,VIIRS,n,2,293.83,6.27,D,0
21.42903,81.38541,345.0,0.38,0.58,2023-12-01,825,N,VIIRS,n,2,293.13,4.13,D,0
21.53013,81.27778,341.84,0.37,0.58,2023-12-01,825,N,VIIRS,n,2,293.4,4.18,D,0
21.5522,81.62714,335.41,0.39,0.59,2023-12-01,825,N,VIIRS,n,2,292.21,1.52,D,0
21.59748,81.58081,341.93,0.39,0.59,2023-12-01,825,N,VIIRS,n,2,294.36,4.68,D,0
21.59788,81.57997,340.43,0.39,0.59,2023-12-01,825,N,VIIRS,n,2,294.48,5.33,D,0
21.60541,81.60709,341.97,0.39,0.59,2023-12-01,825,N,VIIRS,n,2,293.72,2.78,D,0
21.67635,81.70955,330.98,0.4,0.6,2023-12-01,825,N,VIIRS,n,2,291.56,1.7,D,0
21.69082,81.68435,338.65,0.39,0.6,2023-12-01,825,N,VIIRS,n,2,294.3,3.91,D,0
21.91997,83.34972,332.04,0.51,0.66,2023-12-01,825,N,VIIRS,n,2,294.88,6.06,D,2
22.04277,83.73287,367.0,0.54,0.68,2023-12-01,825,N,VIIRS,h,2,298.62,8.96,D,2
22.0432,83.73828,329.18,0.54,0.68,2023-12-01,825,N,VIIRS,n,2,296.11,8.96,D,2
22.55756,72.41406,344.57,0.39,0.36,2023-12-01,825,N,VIIRS,n,2,298.18,4.02,D,0
22.92306,70.10672,339.32,0.39,0.36,2023-12-01,826,N,VIIRS,n,2,307.5,3.92,D,0
22.96555,70.83774,345.63,0.38,0.36,2023-12-01,826,N,VIIRS,n,2,305.9,8.84,D,0
23.65323,71.6317,331.98,0.39,0.36,2023-12-01,826,N,VIIRS,n,2,302.29,1.58,D,0
23.78213,72.55175,331.75,0.4,0.37,2023-12-01,826,N,VIIRS,n,2,299.13,1.75,D,0
25.03936,71.5673,333.43,0.39,0.36,2023-12-01,826,N,VIIRS,n,2,301.45,1.65,D,0
26.79423,83.71032,331.95,0.6,0.7,2023-12-01,826,N,VIIRS,n,2,291.32,4.7,D,0
26.82983,83.63975,328.09,0.59,0.7,2023-12-01,826,N,VIIRS,n,2,291.48,2.22,D,0
27.05882,84.0112,333.09,0.62,0.72,2023-12-01,826,N,VIIRS,n,2,291.71,5.57,D,0
27.18473,81.66532,331.33,0.45,0.63,2023-12-01,826,N,VIIRS,n,2,293.09,2.66,D,0
27.18916,81.66382,330.69,0.45,0.63,2023-12-01,826,N,VIIRS,n,2,292.37,2.2,D,0
27.19002,83.70873,339.5,0.6,0.71,2023-12-01,826,N,VIIRS,n,2,291.14,6.3,D,0
27.60574,81.20538,330.75,0.43,0.62,2023-12-01,827,N,VIIRS,n,2,293.95,2.63,D,0
27.62589,80.22478,341.01,0.37,0.58,2023-12-01,827,N,VIIRS,n,2,293.01,2.79,D,0
27.6394,80.69666,330.03,0.4,0.6,2023-12-01,827,N,VIIRS,n,2,293.37,2.0,D,0
27.67235,80.25922,329.91,0.37,0.58,2023-12-01,827,N,VIIRS,n,2,292.59,1.73,D,0
27.67349,80.70181,367.0,0.4,0.6,2023-12-01,827,N,VIIRS,h,2,294.9,8.44,D,0
27.69897,80.74118,328.76,0.4,0.6,2023-12-01,827,N,VIIRS,n,2,294.02,1.97,D,0
27.7142,80.4371,328.65,0.38,0.59,2023-12-01,827,N,VIIRS,n,2,294.35,2.03,D,0
27.71454,80.43716,328.29,0.38,0.59,2023-12-01,827,N,VIIRS,n,2,294.4,2.12,D,0
27.75473,80.6038,337.9,0.39,0.6,2023-12-01,827,N,VIIRS,n,2,293.84,2.74,D,0
27.80574,79.96935,334.9,0.36,0.57,2023-12-01,827,N,VIIRS,n,2,293.98,4.16,D,0
27.89145,79.99078,337.83,0.36,0.58,2023-12-01,827,N,VIIRS,n,2,294.84,4.58,D,0
27.89377,79.99093,335.64,0.36,0.57,2023-12-01,827,N,VIIRS,n,2,294.63,4.69,D,0
28.02038,79.88103,331.11,0.36,0.57,2023-12-01,827,N,VIIRS,n,2,293.44,3.07,D,0
28.107,80.28879,331.76,0.38,0.59,2023-12-01,827,N,VIIRS,n,2,294.57,2.7,D,0
28.11125,80.0044,331.09,0.36,0.58,2023-12-01,827,N,VIIRS,n,2,295.02,1.28,D,0
28.11396,80.00375,338.36,0.36,0.58,2023-12-01,827,N,VIIRS,n,2,294.86,1.98,D,0
28.19313,81.19296,330.52,0.43,0.62,2023-12-01,827,N,VIIRS,n,2,294.29,2.29,D,0
28.19375,81.19394,332.56,0.43,0.62,2023-12-01,827,N,VIIRS,n,2,294.68,3.39,D,0
28.23032,70.18829,332.61,0.39,0.36,2023-12-01,827,N,VIIRS,n,2,296.63,2.34,D,0
28.27247,79.60039,327.99,0.35,0.56,2023-12-01,827,N,VIIRS,n,2,295.77,1.38,D,0
28.38308,79.78728,336.66,0.36,0.57,2023-12-01,827,N,VIIRS,n,2,295.54,3.74,D,0
28.39388,70.12994,331.25,0.38,0.36,2023-12-01,827,N,VIIRS,n,2,296.15,3.43,D,0
28.43983,80.06649,333.07,0.37,0.58,2023-12-01,827,N,VIIRS,n,2,295.11,2.51,D,0
28.4583,70.03715,333.08,0.38,0.36,2023-12-01,827,N,VIIRS,n,2,296.38,2.27,D,0
28.48636,70.15665,343.95,0.39,0.36,2023-12-01,827,N,VIIRS,n,2,297.74,8.39,D,0
28.59248,79.31558,327.03,0.33,0.56,2023-12-01,827,N,VIIRS,n,2,295.04,1.14,D,0
28.59437,79.72563,341.87,0.35,0.57,2023-12-01,827,N,VIIRS,n,2,295.5,3.61,D,0
28.6276,70.49453,333.34,0.39,0.36,2023-12-01,827,N,VIIRS,n,2,297.35,3.16,D,0
28.69745,70.25832,337.65,0.39,0.36,2023-12-01,827,N,VIIRS,n,2,295.25,4.17,D,0
28.71211,76.22543,335.54,0.44,0.46,2023-12-01,827,N,VIIRS,n,2,292.9,3.49,D,0
28.71448,76.22602,339.9,0.44,0.46,2023-12-01,827,N,VIIRS,n,2,292.98,4.14,D,0
28.76563,70.47322,331.53,0.39,0.36,2023-12-01,827,N,VIIRS,n,2,295.45,1.68,D,0
28.85967,77.44862,329.99,0.52,0.5,2023-12-01,827,N,VIIRS,n,2,293.33,2.66,D,0
28.88455,70.33765,330.95,0.39,0.36,2023-12-01,827,N,VIIRS,n,2,295.08,2.13,D,0
28.90104,70.61632,330.64,0.39,0.36,2023-12-01,827,N,VIIRS,n,2,295.86,2.24,D,0
29.01955,70.52077,333.94,0.39,0.36,2023-12-01,827,N,VIIRS,l,2,303.98,25.17,D,0
29.02288,70.52015,337.62,0.39,0.36,2023-12-01,827,N,VIIRS,n,2,295.08,25.17,D,0
29.03751,70.456,332.69,0.39,0.36,2023-12-01,827,N,VIIRS,n,2,295.33,3.91,D,0
29.12995,71.00466,329.29,0.4,0.37,2023-12-01,827,N,VIIRS,n,2,294.18,1.74,D,0
29.13336,79.08766,326.65,0.33,0.55,2023-12-01,827,N,VIIRS,n,2,294.22,1.18,D,0
29.15889,77.77303,339.83,0.55,0.51,2023-12-01,827,N,VIIRS,n,2,294.24,7.91,D,0
29.37123,73.96594,334.07,0.51,0.41,2023-12-01,827,N,VIIRS,n,2,298.85,13.98,D,0
29.37564,73.97061,332.52,0.51,0.41,2023-12-01,827,N,VIIRS,n,2,298.08,17.18,D,0
29.4923,74.84319,335.8,0.56,0.43,2023-12-01,827,N,VIIRS,n,2,297.59,5.34,D,0
29.5726,74.25757,338.74,0.53,0.42,2023-12-01,827,N,VIIRS,n,2,297.36,4.27,D,0
29.58745,77.66328,329.56,0.55,0.51,2023-12-01,827,N,VIIRS,n,2,293.27,5.75,D,0
29.59207,74.36368,347.94,0.53,0.42,2023-12-01,827,N,VIIRS,n,2,302.07,17.28,D,0
29.59213,74.36107,343.49,0.53,0.42,2023-12-01,827,N,VIIRS,n,2,302.13,20.9,D,0
29.5995,75.54883,334.35,0.41,0.45,2023-12-01,827,N,VIIRS,n,2,294.99,2.16,D,0
29.62777,75.60258,352.93,0.42,0.45,2023-12-01,827,N,VIIRS,n,2,300.94,11.18,D,0
29.66722,77.53151,328.09,0.54,0.51,2023-12-01,827,N,VIIRS,n,2,294.26,2.16,D,0
29.72604,79.64825,346.69,0.36,0.57,2023-12-01,827,N,VIIRS,n,2,294.59,4.93,D,0
29.72855,75.71275,343.52,0.42,0.45,2023-12-01,827,N,VIIRS,n,2,297.39,4.41,D,0
29.72855,75.71336,342.4,0.42,0.45,2023-12-01,827,N,VIIRS,n,2,296.43,4.78,D,0
29.73355,75.96143,344.72,0.44,0.46,2023-12-01,827,N,VIIRS,n,2,296.64,6.05,D,0
29.73781,75.96086,343.1,0.44,0.46,2023-12-01,827,N,VIIRS,n,2,295.4,6.05,D,0
29.77524,71.05896,329.67,0.4,0.37,2023-12-01,827,N,VIIRS,n,2,292.92,2.4,D,0
29.84568,70.94047,330.29,0.4,0.37,2023-12-01,827,N,VIIRS,n,2,293.38,5.39,D,0
29.86104,76.03844,331.49,0.44,0.46,2023-12-01,827,N,VIIRS,n,2,295.07,3.44,D,0
29.86257,79.16659,331.73,0.34,0.56,2023-12-01,827,N,VIIRS,n,2,296.29,2.15,D,0
29.88385,78.01111,335.41,0.58,0.52,2023-12-01,827,N,VIIRS,n,2,295.88,9.16,D,0
29.88869,78.01055,343.23,0.58,0.52,2023-12-01,827,N,VIIRS,n,2,294.92,9.16,D,0
29.91784,79.01005,334.7,0.33,0.55,2023-12-01,827,N,VIIRS,n,2,293.21,2.46,D,0
29.9326,79.0003,328.63,0.33,0.55,2023-12-01,827,N,VIIRS,n,2,291.81,2.97,D,0
29.93472,79.00209,327.73,0.33,0.55,2023-12-01,827,N,VIIRS,n,2,289.88,2.04,D,0
29.95403,74.6188,337.49,0.56,0.43,2023-12-01,827,N,VIIRS,n,2,299.15,3.54,D,0
29.97545,74.38333,330.63,0.54,0.42,2023-12-01,827,N,VIIRS,n,2,298.89,3.42,D,0
30.19099,77.8357,335.56,0.57,0.52,2023-12-01,827,N,VIIRS,n,2,294.46,3.8,D,0
30.28639,74.02473,334.8,0.52,0.42,2023-12-01,827,N,VIIRS,n,2,298.79,2.12,D,0
30.32148,74.29037,331.78,0.54,0.42,2023-12-01,827,N,VIIRS,n,2,298.54,3.26,D,0
30.37718,77.12886,326.42,0.52,0.5,2023-12-01,827,N,VIIRS,n,2,292.74,3.19,D,0
30.53456,76.32803,327.79,0.47,0.48,2023-12-01,827,N,VIIRS,n,2,294.18,2.95,D,0
30.6904,78.38023,333.55,0.62,0.54,2023-12-01,827,N,VIIRS,n,2,292.79,5.92,D,0
30.69111,78.09515,348.99,0.6,0.53,2023-12-01,827,N,VIIRS,n,2,295.4,12.36,D,0
29.91532,70.91209,336.43,0.4,0.37,2023-12-01,828,N,VIIRS,n,2,294.83,2.94,D,0
30.14427,71.28654,332.16,0.41,0.37,2023-12-01,828,N,VIIRS,n,2,294.32,2.76,D,0
30.23359,70.92319,332.6,0.4,0.37,2023-12-01,828,N,VIIRS,n,2,292.53,2.77,D,0
30.27345,70.88599,337.54,0.4,0.37,2023-12-01,828,N,VIIRS,n,2,293.21,3.11,D,0
30.28802,74.02316,333.32,0.52,0.42,2023-12-01,828,N,VIIRS,n,2,298.67,3.48,D,0
30.33854,70.84981,327.99,0.4,0.37,2023-12-01,828,N,VIIRS,n,2,293.31,1.9,D,0
30.34026,70.86227,331.13,0.4,0.37,2023-12-01,828,N,VIIRS,n,2,294.71,6.74,D,0
30.39796,71.10496,338.55,0.41,0.37,2023-12-01,828,N,VIIRS,n,2,294.05,3.41,D,0
30.40912,74.05499,333.06,0.53,0.42,2023-12-01,828,N,VIIRS,n,2,299.14,6.91,D,0
30.40989,74.05235,336.32,0.53,0.42,2023-12-01,828,N,VIIRS,n,2,299.49,6.7,D,0
30.41858,74.12984,328.54,0.53,0.42,2023-12-01,828,N,VIIRS,n,2,297.94,1.8,D,0
30.4791,75.21844,336.44,0.4,0.45,2023-12-01,828,N,VIIRS,n,2,297.89,2.82,D,0
30.51739,74.26917,332.38,0.54,0.42,2023-12-01,828,N,VIIRS,n,2,299.02,3.26,D,0
30.54441,70.93212,328.44,0.4,0.37,2023-12-01,828,N,VIIRS,n,2,294.71,2.26,D,0
30.55993,71.61324,327.27,0.42,0.38,2023-12-01,828,N,VIIRS,n,2,294.26,1.82,D,0
30.64255,72.19459,331.66,0.44,0.38,2023-12-01,828,N,VIIRS,n,2,297.67,2.66,D,0
30.64262,71.70213,337.14,0.42,0.38,2023-12-01,828,N,VIIRS,n,2,297.58,4.75,D,0
30.65199,74.23309,334.72,0.54,0.42,2023-12-01,828,N,VIIRS,n,2,297.17,9.75,D,0
30.68816,78.09618,348.8,0.6,0.53,2023-12-01,828,N,VIIRS,n,2,300.15,21.6,D,0
30.68991,74.61743,331.77,0.57,0.43,2023-12-01,828,N,VIIRS,n,2,300.33,4.4,D,0
30.73147,72.43586,332.97,0.45,0.39,2023-12-01,828,N,VIIRS,n,2,296.22,3.6,D,0
30.74609,75.24773,340.45,0.41,0.45,2023-12-01,828,N,VIIRS,n,2,298.0,3.68,D,0
30.74763,75.24798,339.77,0.41,0.45,2023-12-01,828,N,VIIRS,n,2,297.29,3.41,D,0
30.82453,70.74055,335.74,0.4,0.37,2023-12-01,828,N,VIIRS,n,2,295.69,8.51,D,0
30.87313,73.45266,331.44,0.5,0.41,2023-12-01,828,N,VIIRS,n,2,294.62,3.73,D,0
30.89002,78.06195,331.17,0.6,0.53,2023-12-01,828,N,VIIRS,n,2,292.59,5.6,D,0
31.01904,72.53331,330.57,0.46,0.39,2023-12-01,828,N,VIIRS,n,2,294.4,6.59,D,0
31.03624,72.2933,331.71,0.45,0.39,2023-12-01,828,N,VIIRS,n,2,298.31,3.91,D,0
31.03684,72.298,332.06,0.45,0.39,2023-12-01,828,N,VIIRS,n,2,296.68,5.76,D,0
31.04759,70.9171,330.19,0.41,0.37,2023-12-01,828,N,VIIRS,n,2,292.97,2.96,D,0
31.05684,72.80963,331.16,0.47,0.4,2023-12-01,828,N,VIIRS,n,2,296.01,5.29,D,0
31.06049,72.80903,331.5,0.47,0.4,2023-12-01,828,N,VIIRS,n,2,293.83,5.29,D,0
31.06465,75.19343,329.82,0.41,0.45,2023-12-01,828,N,VIIRS,n,2,295.12,1.95,D,0
31.10211,71.05994,333.61,0.41,0.37,2023-12-01,828,N,VIIRS,n,2,296.53,2.87,D,0
31.13457,73.10841,332.52,0.48,0.4,2023-12-01,828,N,VIIRS,n,2,295.73,3.77,D,0
31.13852,72.81405,349.01,0.47,0.4,2023-12-01,828,N,VIIRS,n,2,294.82,7.14,D,0
31.1429,70.85229,333.87,0.4,0.37,2023-12-01,828,N,VIIRS,n,2,295.08,4.91,D,0
31.14481,74.02779,328.96,0.54,0.42,2023-12-01,828,N,VIIRS,n,2,294.56,3.73,D,0
31.16874,74.98893,332.22,0.4,0.44,2023-12-01,828,N,VIIRS,n,2,293.32,3.13,D,0
31.20802,75.16605,330.86,0.41,0.45,2023-12-01,828,N,VIIRS,n,2,295.58,2.82,D,0
31.2463,73.20858,334.25,0.49,0.4,2023-12-01,828,N,VIIRS,n,2,296.37,3.17,D,0
31.29486,73.25639,337.89,0.49,0.41,2023-12-01,828,N,VIIRS,n,2,296.84,5.26,D,0
31.2972,72.98939,335.51,0.48,0.4,2023-12-01,828,N,VIIRS,n,2,295.47,3.69,D,0
31.3024,73.22343,332.47,0.49,0.4,2023-12-01,828,N,VIIRS,n,2,296.36,3.33,D,0
31.31589,72.65656,337.36,0.46,0.39,2023-12-01,828,N,VIIRS,n,2,294.8,5.01,D,0
31.31589,72.65842,331.55,0.47,0.39,2023-12-01,828,N,VIIRS,n,2,295.63,4.38,D,0
31.33714,73.32419,330.87,0.5,0.41,2023-12-01,828,N,VIIRS,n,2,295.38,2.94,D,0
31.37343,73.43682,327.4,0.5,0.41,2023-12-01,828,N,VIIRS,n,2,296.18,2.39,D,0
31.37455,72.77447,328.66,0.47,0.4,2023-12-01,828,N,VIIRS,n,2,295.3,1.11,D,0
31.41314,73.47947,327.47,0.51,0.41,2023-12-01,828,N,VIIRS,n,2,295.31,3.74,D,0
31.41435,70.95406,334.35,0.41,0.37,2023-12-01,828,N,VIIRS,n,2,294.38,5.56,D,0
31.41441,70.95303,336.04,0.41,0.37,2023-12-01,828,N,VIIRS,n,2,294.29,4.02,D,0
31.41634,73.48168,331.45,0.51,0.41,2023-12-01,828,N,VIIRS,n,2,295.3,5.03,D,0
31.44178,72.896,344.97,0.48,0.4,2023-12-01,828,N,VIIRS,n,2,295.32,10.23,D,0
31.49508,71.11171,332.19,0.41,0.37,2023-12-01,828,N,VIIRS,n,2,294.08,3.76,D,0
31.5015,72.5998,336.03,0.46,0.39,2023-12-01,828,N,VIIRS,n,2,295.56,4.18,D,0
31.51466,72.52786,328.42,0.46,0.39,2023-12-01,828,N,VIIRS,n,2,294.79,2.31,D,0
31.54352,72.79778,327.98,0.47,0.4,2023-12-01,828,N,VIIRS,n,2,295.05,1.61,D,0
31.54435,72.79468,328.22,0.47,0.4,2023-12-01,828,N,VIIRS,n,2,294.39,2.8,D,0
31.5859,70.90988,331.88,0.41,0.37,2023-12-01,828,N,VIIRS,n,2,294.48,2.41,D,0
31.62665,70.69719,335.51,0.4,0.37,2023-12-01,828,N,VIIRS,n,2,293.51,4.79,D,0
31.65352,70.76646,335.29,0.41,0.37,2023-12-01,828,N,VIIRS,n,2,292.98,2.71,D,0
31.6697,71.01489,335.07,0.41,0.37,2023-12-01,828,N,VIIRS,n,2,294.22,3.04,D,0
31.71437,71.0601,331.94,0.41,0.37,2023-12-01,828,N,VIIRS,n,2,294.49,3.25,D,0
31.7178,71.05948,331.93,0.41,0.37,2023-12-01,828,N,VIIRS,n,2,292.86,3.25,D,0
31.71848,71.09061,331.72,0.41,0.37,2023-12-01,828,N,VIIRS,n,2,295.12,4.46,D,0
31.75253,70.75378,332.21,0.41,0.37,2023-12-01,828,N,VIIRS,n,2,292.98,4.24,D,0
31.77182,72.21522,333.04,0.45,0.39,2023-12-01,828,N,VIIRS,n,2,294.7,3.93,D,0
31.77802,70.89005,331.52,0.41,0.37,2023-12-01,828,N,VIIRS,n,2,297.99,16.64,D,0
31.78734,72.22233,331.6,0.45,0.39,2023-12-01,828,N,VIIRS,n,2,295.98,3.32,D,0
31.78795,72.2271,330.88,0.45,0.39,2023-12-01,828,N,VIIRS,n,2,295.72,3.32,D,0
31.80405,72.8057,328.22,0.48,0.4,2023-12-01,828,N,VIIRS,n,2,294.51,2.01,D,0
31.81453,71.05673,334.49,0.41,0.37,2023-12-01,828,N,VIIRS,n,2,293.8,5.49,D,0
31.81471,74.57079,329.6,0.39,0.44,2023-12-01,828,N,VIIRS,n,2,298.01,2.33,D,0
31.8883,71.11608,331.62,0.42,0.37,2023-12-01,828,N,VIIRS,n,2,295.67,3.77,D,0
31.8897,72.98435,328.94,0.49,0.4,2023-12-01,828,N,VIIRS,n,2,297.64,2.32,D,0
31.89098,72.98155,332.55,0.49,0.4,2023-12-01,828,N,VIIRS,n,2,296.1,2.42,D,0
31.9197,74.40154,328.38,0.57,0.43,2023-12-01,828,N,VIIRS,n,2,295.45,3.14,D,0
31.97082,73.07982,331.55,0.49,0.4,2023-12-01,828,N,VIIRS,n,2,294.97,4.85,D,0
31.98609,72.29607,334.11,0.46,0.39,2023-12-01,828,N,VIIRS,n,2,296.05,6.61,D,0
32.0132,72.91758,341.35,0.48,0.4,2023-12-01,828,N,VIIRS,n,2,295.27,6.48,D,0
32.05397,74.61698,341.41,0.39,0.44,2023-12-01,828,N,VIIRS,n,2,296.05,4.62,D,0
32.05442,74.62116,328.55,0.39,0.44,2023-12-01,828,N,VIIRS,n,2,294.2,3.53,D,0
32.05941,74.70576,331.43,0.4,0.44,2023-12-01,828,N,VIIRS,n,2,294.49,2.62,D,0
32.0941,74.60758,334.56,0.39,0.44,2023-12-01,828,N,VIIRS,n,2,294.07,3.28,D,0
32.10372,74.70013,325.7,0.4,0.44,2023-12-01,828,N,VIIRS,n,2,294.18,1.34,D,0
32.14372,74.53275,337.43,0.39,0.44,2023-12-01,828,N,VIIRS,n,2,294.53,2.29,D,0
32.15045,74.59518,329.92,0.39,0.44,2023-12-01,828,N,VIIRS,n,2,294.38,1.87,D,0
32.26775,73.29623,328.55,0.51,0.41,2023-12-01,828,N,VIIRS,n,2,296.82,4.45,D,0
32.27878,73.42774,331.72,0.52,0.41,2023-12-01,828,N,VIIRS,n,2,296.44,2.35,D,0
32.30625,73.13154,332.12,0.5,0.41,2023-12-01,828,N,VIIRS,n,2,295.5,3.12,D,0
32.35344,74.53376,326.32,0.39,0.44,2023-12-01,828,N,VIIRS,n,2,294.02,1.73,D,0
32.40416,74.24139,326.03,0.57,0.43,2023-12-01,828,N,VIIRS,n,2,296.45,2.07,D,0
32.45101,73.83501,331.83,0.54,0.42,2023-12-01,828,N,VIIRS,n,2,295.91,2.76,D,0
32.48616,73.79439,335.86,0.54,0.42,2023-12-01,828,N,VIIRS,n,2,296.1,6.27,D,0
32.49005,73.79379,342.39,0.54,0.42,2023-12-01,828,N,VIIRS,n,2,295.77,17.99,D,0
32.51221,73.39181,330.49,0.52,0.41,2023-12-01,828,N,VIIRS,n,2,294.18,2.89,D,0
32.62241,73.69991,330.9,0.54,0.42,2023-12-01,828,N,VIIRS,n,2,294.85,4.03,D,0
32.62262,73.70674,328.57,0.54,0.42,2023-12-01,828,N,VIIRS,n,2,294.46,2.37,D,0
32.62303,73.70565,329.79,0.54,0.42,2023-12-01,828,N,VIIRS,n,2,294.62,4.03,D,0
32.68872,74.4054,336.88,0.39,0.44,2023-12-01,828,N,VIIRS,n,2,298.25,4.09,D,0
32.68921,74.40702,340.28,0.39,0.44,2023-12-01,828,N,VIIRS,n,2,297.76,3.68,D,0
32.79283,70.02044,338.9,0.4,0.37,2023-12-01,828,N,VIIRS,n,2,289.91,7.79,D,0
32.84101,71.54352,331.64,0.44,0.38,2023-12-01,828,N,VIIRS,n,2,294.3,3.32,D,0
32.86145,74.17904,333.3,0.57,0.43,2023-12-01,828,N,VIIRS,n,2,296.15,5.0,D,0
32.86213,74.18517,331.7,0.57,0.43,2023-12-01,828,N,VIIRS,n,2,296.85,7.66,D,0
33.0213,73.76199,329.66,0.54,0.42,2023-12-01,828,N,VIIRS,n,2,295.4,3.19,D,0
33.06992,73.69995,330.73,0.54,0.42,2023-12-01,828,N,VIIRS,n,2,295.82,6.46,D,0
33.07518,73.6754,329.47,0.54,0.42,2023-12-01,828,N,VIIRS,n,2,293.51,6.12,D,0
39.84758,98.27386,336.71,0.44,0.38,2023-12-01,1908,N,VIIRS,n,2,263.54,7.92,N,2
25.38386,99.30729,304.1,0.4,0.37,2023-12-01,1911,N,VIIRS,n,2,283.29,0.62,N,2
25.79655,99.10487,306.26,0.4,0.37,2023-12-01,1911,N,VIIRS,n,2,283.02,1.93,N,2
26.78621,94.6724,298.29,0.45,0.39,2023-12-01,1911,N,VIIRS,n,2,286.9,0.37,N,2
27.54141,99.55661,298.23,0.4,0.37,2023-12-01,1911,N,VIIRS,n,2,277.26,0.7,N,2
29.26294,91.9248,308.25,0.44,0.46,2023-12-01,1911,N,VIIRS,n,2,273.01,1.64,N,2
29.37512,91.152,302.19,0.49,0.49,2023-12-01,1911,N,VIIRS,n,2,271.55,0.99,N,2
23.12995,94.76913,303.32,0.42,0.37,2023-12-01,1912,N,VIIRS,n,2,274.22,0.89,N,0
23.41286,87.27127,299.77,0.36,0.57,2023-12-01,1912,N,VIIRS,n,2,288.87,0.42,N,0
23.50902,87.28207,301.59,0.36,0.57,2023-12-01,1912,N,VIIRS,n,2,289.63,0.89,N,2
23.51232,87.27742,311.34,0.36,0.58,2023-12-01,1912,N,VIIRS,n,2,289.15,0.91,N,2
23.51305,87.32862,299.75,0.36,0.57,2023-12-01,1912,N,VIIRS,n,2,288.48,0.17,N,0
23.54774,87.24502,308.63,0.36,0.58,2023-12-01,1912,N,VIIRS,n,2,288.43,1.5,N,3
23.5531,87.24567,307.34,0.36,0.58,2023-12-01,1912,N,VIIRS,n,2,290.35,1.5,N,3
23.55344,87.24201,306.98,0.36,0.58,2023-12-01,1912,N,VIIRS,n,2,290.2,3.14,N,3
23.55913,87.23901,312.69,0.36,0.58,2023-12-01,1912,N,VIIRS,n,2,288.18,2.77,N,2
23.63272,86.2951,304.31,0.42,0.61,2023-12-01,1912,N,VIIRS,n,2,286.41,1.48,N,2
23.68709,87.11953,308.13,0.37,0.58,2023-12-01,1912,N,VIIRS,n,2,288.55,1.33,N,2
23.68915,87.09739,307.99,0.37,0.58,2023-12-01,1912,N,VIIRS,n,2,288.87,2.67,N,2
23.69215,87.12391,307.69,0.37,0.58,2023-12-01,1912,N,VIIRS,n,2,288.36,1.33,N,2
23.6925,87.12016,308.9,0.37,0.58,2023-12-01,1912,N,VIIRS,n,2,289.06,1.33,N,2
23.69284,87.11649,303.6,0.37,0.58,2023-12-01,1912,N,VIIRS,n,2,288.58,2.39,N,2
23.69353,87.1091,301.64,0.37,0.58,2023-12-01,1912,N,VIIRS,n,2,288.42,0.96,N,2
23.69387,87.10541,307.35,0.37,0.58,2023-12-01,1912,N,VIIRS,n,2,288.34,0.96,N,2
23.90048,99.68497,298.0,0.43,0.38,2023-12-01,1912,N,VIIRS,n,2,284.12,1.05,N,2
24.77468,97.90275,299.18,0.39,0.36,2023-12-01,1912,N,VIIRS,n,2,282.97,0.69,N,0
24.89521,95.11641,298.35,0.42,0.37,2023-12-01,1912,N,VIIRS,n,2,288.05,0.8,N,0
24.89866,95.117,315.17,0.42,0.37,2023-12-01,1912,N,VIIRS,n,2,288.51,1.81,N,0
25.07441,98.42245,300.31,0.39,0.36,2023-12-01,1912,N,VIIRS,n,2,283.69,0.72,N,0
25.26783,98.31631,311.78,0.39,0.36,2023-12-01,1912,N,VIIRS,n,2,280.63,1.6,N,2
25.27114,98.31696,295.99,0.39,0.36,2023-12-01,1912,N,VIIRS,n,2,280.76,0.5,N,0
26.1905,91.80675,306.29,0.41,0.45,2023-12-01,1912,N,VIIRS,n,2,285.8,0.76,N,0
26.76083,83.19703,300.08,0.7,0.75,2023-12-01,1912,N,VIIRS,n,2,287.65,1.85,N,2
20.5336,85.91325,309.96,0.41,0.61,2023-12-01,1913,N,VIIRS,n,2,285.02,1.0,N,0
20.69737,85.55484,299.09,0.43,0.62,2023-12-01,1913,N,VIIRS,n,2,286.93,0.26,N,0
20.76242,85.29018,305.14,0.45,0.63,2023-12-01,1913,N,VIIRS,n,2,287.33,1.39,N,2
20.7825,85.26534,307.57,0.45,0.63,2023-12-01,1913,N,VIIRS,n,2,286.5,1.06,N,2
20.78331,85.25647,302.7,0.45,0.63,2023-12-01,1913,N,VIIRS,n,2,287.92,1.83,N,2
20.78837,85.26604,308.67,0.45,0.63,2023-12-01,1913,N,VIIRS,n,2,288.79,1.47,N,2
20.78878,85.26158,311.66,0.45,0.63,2023-12-01,1913,N,VIIRS,n,2,289.23,2.05,N,2
20.78918,85.25717,306.24,0.45,0.63,2023-12-01,1913,N,VIIRS,n,2,289.05,2.05,N,2
20.79547,85.2535,316.08,0.45,0.63,2023-12-01,1913,N,VIIRS,n,2,287.75,2.94,N,2
20.80726,85.25459,312.06,0.45,0.63,2023-12-01,1913,N,VIIRS,n,2,288.52,2.46,N,2
20.86436,84.99266,301.93,0.47,0.64,2023-12-01,1913,N,VIIRS,n,2,283.69,1.02,N,2
20.86742,84.99567,297.69,0.47,0.64,2023-12-01,1913,N,VIIRS,n,2,283.77,0.68,N,2
20.86783,84.99131,299.77,0.47,0.64,2023-12-01,1913,N,VIIRS,n,2,284.06,0.68,N,2
20.88354,84.98069,319.05,0.47,0.64,2023-12-01,1913,N,VIIRS,n,2,284.89,2.37,N,2
20.94203,86.05548,307.79,0.4,0.6,2023-12-01,1913,N,VIIRS,n,2,289.72,1.42,N,2
20.95379,85.00632,304.27,0.47,0.64,2023-12-01,1913,N,VIIRS,n,2,285.74,2.29,N,2
20.95585,85.00744,311.65,0.47,0.64,2023-12-01,1913,N,VIIRS,n,2,285.8,1.86,N,2
20.95937,85.17497,302.82,0.46,0.64,2023-12-01,1913,N,VIIRS,n,2,287.48,1.47,N,2
20.96088,85.18755,303.25,0.46,0.64,2023-12-01,1913,N,VIIRS,n,2,288.33,1.9,N,2
20.96173,85.1786,303.98,0.46,0.64,2023-12-01,1913,N,VIIRS,n,2,288.39,1.74,N,2
20.96216,85.17406,315.89,0.46,0.64,2023-12-01,1913,N,VIIRS,n,2,288.63,1.74,N,2
20.96259,85.16949,303.29,0.46,0.64,2023-12-01,1913,N,VIIRS,n,2,288.39,2.3,N,2
20.96411,85.18909,304.74,0.46,0.64,2023-12-01,1913,N,VIIRS,n,2,288.18,1.42,N,2
20.9649,85.18014,301.26,0.46,0.64,2023-12-01,1913,N,VIIRS,n,2,287.97,2.65,N,2
20.96492,85.01669,308.91,0.47,0.64,2023-12-01,1913,N,VIIRS,n,2,285.09,2.37,N,0
20.9653,85.17558,308.2,0.46,0.64,2023-12-01,1913,N,VIIRS,n,2,288.9,1.47,N,2
20.9657,85.17097,305.4,0.46,0.64,2023-12-01,1913,N,VIIRS,n,2,288.23,1.47,N,2
20.96704,85.01788,327.42,0.47,0.64,2023-12-01,1913,N,VIIRS,n,2,285.75,2.87,N,0
20.96744,85.01323,314.41,0.47,0.64,2023-12-01,1913,N,VIIRS,n,2,285.74,2.87,N,0
20.96809,85.17463,308.47,0.46,0.64,2023-12-01,1913,N,VIIRS,n,2,288.18,1.74,N,2
20.96853,85.17001,311.52,0.46,0.64,2023-12-01,1913,N,VIIRS,n,2,288.73,2.3,N,2
20.96992,86.00252,302.8,0.41,0.6,2023-12-01,1913,N,VIIRS,n,2,289.28,1.1,N,2
20.9709,85.01727,330.91,0.47,0.64,2023-12-01,1913,N,VIIRS,n,2,286.67,2.37,N,0
20.97123,85.17615,309.75,0.46,0.64,2023-12-01,1913,N,VIIRS,n,2,287.83,1.44,N,2
20.97134,85.01263,305.22,0.47,0.64,2023-12-01,1913,N,VIIRS,n,2,285.4,3.91,N,0
20.97164,85.17152,310.34,0.46,0.64,2023-12-01,1913,N,VIIRS,n,2,288.71,1.44,N,2
20.97343,85.01388,300.51,0.47,0.64,2023-12-01,1913,N,VIIRS,n,2,285.38,0.91,N,0
20.97346,86.00146,303.53,0.41,0.61,2023-12-01,1913,N,VIIRS,n,2,289.15,1.5,N,2
20.97446,85.13956,299.06,0.46,0.64,2023-12-01,1913,N,VIIRS,n,2,286.39,0.9,N,2
20.97487,85.13499,298.81,0.46,0.64,2023-12-01,1913,N,VIIRS,n,2,285.76,0.9,N,2
20.98756,85.12714,302.11,0.47,0.64,2023-12-01,1913,N,VIIRS,n,2,287.1,1.06,N,2
20.99974,86.0247,304.41,0.41,0.6,2023-12-01,1913,N,VIIRS,n,2,286.94,0.77,N,0
21.00086,86.01273,304.36,0.41,0.6,2023-12-01,1913,N,VIIRS,n,2,286.32,0.82,N,0
21.06493,85.03486,301.3,0.47,0.64,2023-12-01,1913,N,VIIRS,n,2,287.69,1.61,N,2
21.07348,85.04314,299.06,0.47,0.64,2023-12-01,1913,N,VIIRS,n,2,287.71,0.78,N,2
21.07651,85.04066,309.53,0.47,0.64,2023-12-01,1913,N,VIIRS,n,2,288.56,1.9,N,2
21.07991,85.03899,305.32,0.47,0.64,2023-12-01,1913,N,VIIRS,n,2,288.99,1.96,N,2
21.67405,82.07977,299.19,0.74,0.76,2023-12-01,1913,N,VIIRS,n,2,283.6,3.85,N,2
21.67536,84.03751,300.97,0.55,0.68,2023-12-01,1913,N,VIIRS,n,2,288.06,1.56,N,2
21.67657,84.03725,311.11,0.56,0.68,2023-12-01,1913,N,VIIRS,n,2,288.93,2.26,N,2
21.68176,84.03806,312.18,0.55,0.68,2023-12-01,1913,N,VIIRS,n,2,289.78,2.01,N,2
21.68297,84.03782,303.41,0.56,0.68,2023-12-01,1913,N,VIIRS,n,2,289.14,1.37,N,2
21.75509,84.02305,312.63,0.56,0.69,2023-12-01,1913,N,VIIRS,n,2,289.2,2.67,N,2
21.75684,83.84162,307.68,0.57,0.69,2023-12-01,1913,N,VIIRS,n,2,285.83,1.23,N,2
21.76195,84.01811,301.63,0.56,0.69,2023-12-01,1913,N,VIIRS,n,2,289.12,1.54,N,2
21.76316,84.0219,302.15,0.56,0.69,2023-12-01,1913,N,VIIRS,n,2,288.62,1.24,N,2
21.76332,83.84221,307.49,0.57,0.69,2023-12-01,1913,N,VIIRS,n,2,286.34,1.4,N,2
21.76359,84.01624,302.12,0.56,0.69,2023-12-01,1913,N,VIIRS,n,2,289.01,1.24,N,2
21.76789,84.0243,308.86,0.56,0.69,2023-12-01,1913,N,VIIRS,n,2,287.83,1.54,N,2
21.76835,84.01875,313.39,0.56,0.69,2023-12-01,1913,N,VIIRS,n,2,289.23,1.54,N,2
21.76957,84.0225,310.98,0.56,0.69,2023-12-01,1913,N,VIIRS,n,2,288.23,1.24,N,2
21.76999,84.01689,308.56,0.56,0.69,2023-12-01,1913,N,VIIRS,n,2,289.39,1.24,N,2
21.93158,85.22209,307.93,0.47,0.64,2023-12-01,1913,N,VIIRS,n,2,285.78,1.59,N,2
21.93197,85.21761,297.56,0.47,0.64,2023-12-01,1913,N,VIIRS,n,2,284.66,1.47,N,2
22.00587,82.66575,302.48,0.68,0.74,2023-12-01,1913,N,VIIRS,n,2,287.38,2.32,N,2
22.00677,82.66795,304.8,0.68,0.74,2023-12-01,1913,N,VIIRS,n,2,287.69,3.12,N,2
22.03747,83.35205,300.13,0.62,0.71,2023-12-01,1913,N,VIIRS,n,2,282.03,3.78,N,2
22.05416,88.12261,305.9,0.61,0.54,2023-12-01,1913,N,VIIRS,n,2,281.36,3.03,N,2
22.05477,88.12336,308.15,0.61,0.54,2023-12-01,1913,N,VIIRS,n,2,283.12,2.22,N,2
22.09713,85.35053,297.24,0.46,0.64,2023-12-01,1913,N,VIIRS,n,2,285.82,0.62,N,0
22.13092,85.4166,296.45,0.46,0.63,2023-12-01,1913,N,VIIRS,n,2,285.42,0.5,N,2
22.20923,84.85857,299.69,0.5,0.66,2023-12-01,1913,N,VIIRS,n,2,286.08,1.85,N,2
22.324,82.686,299.5,0.68,0.74,2023-12-01,1913,N,VIIRS,n,2,286.36,1.51,N,2
22.33223,82.65864,305.37,0.69,0.74,2023-12-01,1913,N,VIIRS,n,2,287.0,1.79,N,0
22.33269,82.65194,302.17,0.69,0.74,2023-12-01,1913,N,VIIRS,n,2,287.07,2.26,N,2
22.333,82.65907,303.5,0.69,0.74,2023-12-01,1913,N,VIIRS,n,2,287.18,2.04,N,0
22.3335,82.6524,300.23,0.69,0.74,2023-12-01,1913,N,VIIRS,n,2,287.02,2.04,N,2
22.35929,87.28946,307.39,0.35,0.57,2023-12-01,1913,N,VIIRS,n,2,288.92,0.89,N,2
22.3606,87.01594,303.55,0.36,0.58,2023-12-01,1913,N,VIIRS,n,2,289.0,1.19,N,2
22.36327,87.01931,307.96,0.36,0.58,2023-12-01,1913,N,VIIRS,n,2,287.97,1.71,N,2
22.36357,87.30041,310.27,0.35,0.57,2023-12-01,1913,N,VIIRS,n,2,288.8,1.43,N,2
22.36361,87.0157,308.7,0.36,0.58,2023-12-01,1913,N,VIIRS,n,2,289.05,1.5,N,2
22.3656,87.02019,298.65,0.36,0.58,2023-12-01,1913,N,VIIRS,n,2,287.59,1.12,N,2
22.36596,87.01661,318.37,0.36,0.58,2023-12-01,1913,N,VIIRS,n,2,289.75,2.43,N,2
22.36884,87.30104,310.11,0.35,0.57,2023-12-01,1913,N,VIIRS,n,2,288.57,0.99,N,2
22.36896,87.01638,306.78,0.36,0.58,2023-12-01,1913,N,VIIRS,n,2,288.46,1.5,N,2
22.36917,87.2976,314.31,0.35,0.57,2023-12-01,1913,N,VIIRS,n,2,288.02,0.99,N,2
22.37611,87.28096,315.22,0.35,0.57,2023-12-01,1913,N,VIIRS,n,2,289.3,1.22,N,2
22.37644,87.2775,310.12,0.35,0.57,2023-12-01,1913,N,VIIRS,n,2,288.57,1.22,N,2
22.59057,85.90659,302.22,0.43,0.62,2023-12-01,1913,N,VIIRS,n,2,287.63,0.99,N,2
22.59094,85.90228,303.71,0.43,0.62,2023-12-01,1913,N,VIIRS,n,2,287.92,0.99,N,2
22.7811,86.2032,306.02,0.42,0.61,2023-12-01,1913,N,VIIRS,n,2,288.52,1.38,N,2
22.78641,86.20794,300.53,0.42,0.61,2023-12-01,1913,N,VIIRS,n,2,288.76,1.16,N,2
22.78677,86.20379,311.03,0.42,0.61,2023-12-01,1913,N,VIIRS,n,2,289.94,1.97,N,2
22.79209,86.20842,302.59,0.42,0.61,2023-12-01,1913,N,VIIRS,n,2,289.16,1.16,N,2
22.79282,86.20019,304.7,0.42,0.61,2023-12-01,1913,N,VIIRS,n,2,288.88,1.97,N,3
22.79319,86.19604,304.58,0.42,0.61,2023-12-01,1913,N,VIIRS,n,2,289.73,2.44,N,3
22.79778,86.20889,302.6,0.42,0.61,2023-12-01,1913,N,VIIRS,n,2,288.52,4.2,N,2
22.79814,86.20481,367.0,0.42,0.61,2023-12-01,1913,N,VIIRS,h,2,289.92,5.77,N,2
22.7985,86.20071,301.05,0.42,0.61,2023-12-01,1913,N,VIIRS,n,2,288.73,5.77,N,2
22.85764,86.05511,301.23,0.43,0.62,2023-12-01,1913,N,VIIRS,n,2,285.52,1.46,N,2
22.87444,86.06115,310.25,0.42,0.61,2023-12-01,1913,N,VIIRS,n,2,288.31,1.78,N,2
22.87571,86.06361,304.23,0.43,0.62,2023-12-01,1913,N,VIIRS,n,2,287.9,0.98,N,2
15.86266,97.79691,305.62,0.43,0.38,2023-12-01,1914,N,VIIRS,n,2,281.64,1.07,N,0
16.41444,97.72627,303.53,0.43,0.38,2023-12-01,1914,N,VIIRS,n,2,287.88,0.78,N,0
16.41791,97.7269,303.78,0.43,0.38,2023-12-01,1914,N,VIIRS,n,2,287.77,0.78,N,2
29.9327,78.99511,296.65,0.38,0.43,2023-12-01,2051,N,VIIRS,n,2,281.02,1.39,N,0
30.49419,78.61771,299.62,0.54,0.42,2023-12-01,2051,N,VIIRS,n,2,281.58,1.1,N,0
30.85201,75.94881,298.74,0.42,0.37,2023-12-01,2051,N,VIIRS,n,2,285.07,0.67,N,0
31.08247,78.09095,297.08,0.5,0.41,2023-12-01,2051,N,VIIRS,n,2,277.99,0.95,N,0
31.39341,74.34202,307.74,0.39,0.36,2023-12-01,2051,N,VIIRS,n,2,283.58,0.91,N,0
31.60842,74.42002,295.68,0.39,0.36,2023-12-01,2051,N,VIIRS,n,2,285.32,0.47,N,0
31.61559,74.3756,308.86,0.39,0.36,2023-12-01,2051,N,VIIRS,n,2,284.5,0.79,N,2
31.62561,74.44056,299.91,0.39,0.36,2023-12-01,2051,N,VIIRS,n,2,284.68,0.54,N,0
31.65454,74.17553,301.7,0.38,0.36,2023-12-01,2051,N,VIIRS,n,2,284.46,0.46,N,0
32.08394,74.16418,306.8,0.38,0.36,2023-12-01,2051,N,VIIRS,n,2,282.94,0.75,N,2
32.10307,74.17255,298.15,0.38,0.36,2023-12-01,2051,N,VIIRS,n,2,283.88,0.21,N,0
32.29031,70.73849,302.9,0.44,0.39,2023-12-01,2051,N,VIIRS,n,2,287.69,1.02,N,2
32.29449,74.31304,296.86,0.38,0.36,2023-12-01,2051,N,VIIRS,n,2,284.92,0.54,N,0
32.29512,70.72956,297.28,0.45,0.39,2023-12-01,2051,N,VIIRS,n,2,284.87,1.13,N,2
32.57401,72.56522,298.92,0.4,0.37,2023-12-01,2051,N,VIIRS,n,2,288.76,0.77,N,2
32.72068,72.92458,302.51,0.39,0.36,2023-12-01,2051,N,VIIRS,n,2,284.39,1.17,N,2
32.72661,73.13895,306.96,0.39,0.36,2023-12-01,2051,N,VIIRS,n,2,287.76,0.57,N,2
32.88843,71.61516,313.46,0.42,0.38,2023-12-01,2051,N,VIIRS,n,2,287.97,1.83,N,2
33.13501,71.62289,297.27,0.42,0.38,2023-12-01,2051,N,VIIRS,n,2,284.63,0.52,N,0
33.13562,71.61842,305.73,0.42,0.38,2023-12-01,2051,N,VIIRS,n,2,284.96,1.3,N,0
33.29445,71.18256,315.76,0.44,0.38,2023-12-01,2051,N,VIIRS,n,2,282.01,1.18,N,0
33.38626,75.97443,295.78,0.4,0.37,2023-12-01,2051,N,VIIRS,n,2,272.83,0.7,N,0
33.40826,71.9391,302.89,0.42,0.37,2023-12-01,2051,N,VIIRS,n,2,282.94,0.51,N,0
33.54772,71.55064,295.23,0.43,0.38,2023-12-01,2051,N,VIIRS,n,2,284.98,0.44,N,2
33.59413,72.65456,300.9,0.4,0.37,2023-12-01,2051,N,VIIRS,n,2,281.61,0.56,N,0
33.68704,72.71134,296.8,0.4,0.37,2023-12-01,2051,N,VIIRS,n,2,282.96,0.88,N,2
33.69041,72.71203,304.78,0.4,0.37,2023-12-01,2051,N,VIIRS,n,2,284.78,1.19,N,2
33.80041,72.09938,296.61,0.41,0.37,2023-12-01,2051,N,VIIRS,n,2,283.46,0.71,N,0
33.91711,73.6879,307.53,0.39,0.36,2023-12-01,2051,N,VIIRS,n,2,278.19,0.77,N,0
26.64199,79.48125,301.52,0.47,0.48,2023-12-01,2052,N,VIIRS,n,2,287.25,0.62,N,2
26.7583,83.19946,302.26,0.39,0.59,2023-12-01,2052,N,VIIRS,n,2,288.75,0.67,N,2
27.66707,76.12782,299.25,0.46,0.39,2023-12-01,2052,N,VIIRS,n,2,287.2,1.11,N,2
27.66805,76.1302,306.94,0.46,0.39,2023-12-01,2052,N,VIIRS,n,2,288.45,1.03,N,2
27.68496,85.2992,304.09,0.49,0.65,2023-12-01,2052,N,VIIRS,n,2,281.89,0.98,N,0
27.69082,85.3011,302.31,0.49,0.65,2023-12-01,2052,N,VIIRS,n,2,282.19,0.98,N,0
28.00432,80.0109,297.95,0.47,0.48,2023-12-01,2052,N,VIIRS,n,2,286.22,0.26,N,0
28.01369,80.78264,305.11,0.52,0.5,2023-12-01,2052,N,VIIRS,n,2,286.0,1.25,N,0
28.16773,80.59688,308.57,0.51,0.49,2023-12-01,2052,N,VIIRS,n,2,285.91,1.31,N,0
28.20964,80.01318,305.32,0.47,0.48,2023-12-01,2052,N,VIIRS,n,2,286.5,0.73,N,0
28.21023,80.33234,301.84,0.49,0.49,2023-12-01,2052,N,VIIRS,n,2,286.19,0.69,N,0
28.38647,70.27213,307.57,0.43,0.38,2023-12-01,2052,N,VIIRS,n,2,285.71,1.14,N,0
28.38679,70.27446,307.13,0.43,0.38,2023-12-01,2052,N,VIIRS,n,2,285.83,0.91,N,0
28.64319,77.1412,297.16,0.49,0.4,2023-12-01,2052,N,VIIRS,n,2,286.94,0.32,N,0
29.1239,75.77873,299.11,0.43,0.38,2023-12-01,2052,N,VIIRS,n,2,286.21,0.41,N,2
29.4584,76.86906,299.22,0.46,0.39,2023-12-01,2052,N,VIIRS,n,2,287.3,0.83,N,2
29.46208,76.88973,299.79,0.46,0.39,2023-12-01,2052,N,VIIRS,n,2,288.57,1.97,N,0
29.72859,75.71396,329.52,0.42,0.38,2023-12-01,2052,N,VIIRS,n,2,285.56,3.38,N,0
30.30239,71.70172,296.16,0.4,0.37,2023-12-01,2052,N,VIIRS,n,2,284.9,0.48,N,0
30.30577,71.70236,297.19,0.4,0.37,2023-12-01,2052,N,VIIRS,n,2,283.66,0.48,N,0
30.59704,72.07294,295.23,0.4,0.37,2023-12-01,2052,N,VIIRS,n,2,283.84,0.29,N,0
20.96496,86.01234,300.03,0.77,0.77,2023-12-01,2053,N,VIIRS,n,2,285.66,1.86,N,2
21.00277,86.02596,298.82,0.77,0.77,2023-12-01,2053,N,VIIRS,n,2,285.52,1.56,N,0
21.67567,84.04025,302.26,0.56,0.69,2023-12-01,2053,N,VIIRS,n,2,288.31,1.53,N,2
21.6819,84.04202,302.55,0.56,0.69,2023-12-01,2053,N,VIIRS,n,2,288.54,1.08,N,2
21.75589,84.02295,309.82,0.56,0.69,2023-12-01,2053,N,VIIRS,n,2,289.18,2.99,N,2
21.75944,84.02303,305.69,0.56,0.69,2023-12-01,2053,N,VIIRS,n,2,289.28,3.0,N,2
21.76341,84.0193,304.93,0.56,0.69,2023-12-01,2053,N,VIIRS,n,2,289.05,3.23,N,2
21.76832,84.02646,311.1,0.56,0.69,2023-12-01,2053,N,VIIRS,n,2,287.6,0.92,N,2
21.76963,84.02104,308.22,0.56,0.69,2023-12-01,2053,N,VIIRS,n,2,288.76,2.86,N,2
21.77613,83.83036,302.15,0.54,0.68,2023-12-01,2053,N,VIIRS,n,2,287.34,2.9,N,2
21.77849,83.82983,310.99,0.54,0.68,2023-12-01,2053,N,VIIRS,n,2,287.94,1.81,N,2
21.87552,83.49763,299.6,0.52,0.66,2023-12-01,2053,N,VIIRS,n,2,285.15,0.89,N,2
21.92247,83.35461,302.53,0.5,0.66,2023-12-01,2053,N,VIIRS,n,2,286.24,2.24,N,2
21.92363,83.34972,315.42,0.5,0.66,2023-12-01,2053,N,VIIRS,n,2,287.67,2.24,N,2
21.93071,85.22303,303.99,0.66,0.73,2023-12-01,2053,N,VIIRS,n,2,286.0,2.28,N,2
21.98281,83.23293,299.2,0.49,0.65,2023-12-01,2053,N,VIIRS,n,2,285.27,1.5,N,2
22.04202,83.73956,300.26,0.53,0.67,2023-12-01,2053,N,VIIRS,n,2,286.19,4.21,N,2
22.04324,83.73445,340.56,0.53,0.67,2023-12-01,2053,N,VIIRS,n,2,287.59,4.21,N,2
22.04324,83.73883,306.48,0.53,0.67,2023-12-01,2053,N,VIIRS,n,2,286.76,5.05,N,2
22.04444,83.73371,350.06,0.53,0.67,2023-12-01,2053,N,VIIRS,n,2,288.66,6.39,N,2
22.04447,83.72935,323.16,0.53,0.67,2023-12-01,2053,N,VIIRS,n,2,287.34,8.15,N,0
22.04564,83.72855,301.56,0.53,0.67,2023-12-01,2053,N,VIIRS,n,2,286.65,6.39,N,0
22.20597,84.8506,299.19,0.61,0.71,2023-12-01,2053,N,VIIRS,n,2,286.87,1.44,N,2
22.20699,84.85088,299.74,0.61,0.71,2023-12-01,2053,N,VIIRS,n,2,286.77,1.91,N,2
22.21057,84.8646,299.12,0.61,0.71,2023-12-01,2053,N,VIIRS,n,2,288.08,1.66,N,2
22.59243,85.90638,300.22,0.7,0.75,2023-12-01,2053,N,VIIRS,n,2,285.8,1.36,N,2
22.59273,85.9037,297.74,0.7,0.75,2023-12-01,2053,N,VIIRS,n,2,285.82,1.4,N,2
22.78409,86.20671,306.26,0.72,0.75,2023-12-01,2053,N,VIIRS,n,2,286.79,1.9,N,2
22.78585,86.19986,298.46,0.72,0.75,2023-12-01,2053,N,VIIRS,n,2,286.38,2.59,N,2
22.79086,86.209,298.19,0.72,0.75,2023-12-01,2053,N,VIIRS,n,2,286.82,3.66,N,2
22.79443,86.19503,299.35,0.72,0.75,2023-12-01,2053,N,VIIRS,n,2,286.67,3.38,N,2
22.79616,86.20942,306.8,0.72,0.75,2023-12-01,2053,N,VIIRS,n,2,286.19,2.75,N,2
22.79802,86.20232,315.8,0.72,0.75,2023-12-01,2053,N,VIIRS,n,2,286.31,2.75,N,2
22.79941,86.20429,320.43,0.72,0.75,2023-12-01,2053,N,VIIRS,n,2,286.79,3.38,N,2
23.68659,86.39133,304.18,0.7,0.75,2023-12-01,2053,N,VIIRS,n,2,284.12,2.85,N,2
23.75614,86.40459,309.96,0.7,0.75,2023-12-01,2053,N,VIIRS,n,2,284.77,2.83,N,2
23.75645,86.40368,311.2,0.7,0.75,2023-12-01,2053,N,VIIRS,n,2,284.7,2.47,N,2
23.75786,86.39789,308.56,0.7,0.75,2023-12-01,2053,N,VIIRS,n,2,285.01,4.18,N,2
23.75821,86.39698,306.89,0.7,0.75,2023-12-01,2053,N,VIIRS,n,2,284.78,2.47,N,2
23.76465,86.39983,305.9,0.7,0.75,2023-12-01,2053,N,VIIRS,n,2,285.49,2.94,N,2
23.765,86.39892,306.92,0.7,0.75,2023-12-01,2053,N,VIIRS,n,2,285.64,2.47,N,2
23.76639,86.39303,301.79,0.7,0.75,2023-12-01,2053,N,VIIRS,n,2,285.24,2.94,N,2
23.76817,86.38609,302.83,0.7,0.75,2023-12-01,2053,N,VIIRS,n,2,284.54,2.88,N,2
23.76862,86.38515,302.32,0.7,0.75,2023-12-01,2053,N,VIIRS,n,2,284.63,5.9,N,2
23.77496,86.38799,307.54,0.7,0.75,2023-12-01,2053,N,VIIRS,n,2,284.94,2.88,N,2
23.77542,86.38702,307.1,0.7,0.75,2023-12-01,2053,N,VIIRS,n,2,284.34,3.98,N,2
23.77862,86.34525,300.73,0.7,0.75,2023-12-01,2053,N,VIIRS,n,2,276.46,5.41,N,2
23.7793,86.34442,301.62,0.69,0.75,2023-12-01,2053,N,VIIRS,n,2,278.55,4.44,N,2
23.77995,86.39698,304.82,0.7,0.75,2023-12-01,2053,N,VIIRS,n,2,284.87,1.43,N,2
23.78037,86.39596,306.4,0.7,0.75,2023-12-01,2053,N,VIIRS,n,2,285.09,3.98,N,2
23.78174,86.38996,299.39,0.7,0.75,2023-12-01,2053,N,VIIRS,n,2,284.65,2.93,N,2
24.68993,73.0022,306.18,0.39,0.36,2023-12-01,2053,N,VIIRS,n,2,289.28,1.11,N,2
25.26139,73.67675,297.62,0.4,0.37,2023-12-01,2053,N,VIIRS,n,2,286.5,0.38,N,0
25.29977,71.76947,299.7,0.38,0.36,2023-12-01,2053,N,VIIRS,n,2,288.73,0.18,N,0
26.25704,74.09762,297.97,0.4,0.37,2023-12-01,2053,N,VIIRS,n,2,287.88,0.36,N,0
26.87261,73.51731,303.11,0.39,0.36,2023-12-01,2053,N,VIIRS,n,2,287.02,0.57,N,2
26.87593,73.51799,296.97,0.39,0.36,2023-12-01,2053,N,VIIRS,n,2,286.92,0.57,N,2
26.87657,73.51408,297.87,0.39,0.36,2023-12-01,2053,N,VIIRS,n,2,286.97,0.93,N,2
26.87989,73.51477,299.63,0.39,0.36,2023-12-01,2053,N,VIIRS,n,2,286.89,0.83,N,2
26.89317,73.51746,297.94,0.39,0.36,2023-12-01,2053,N,VIIRS,n,2,286.58,0.37,N,0
26.92531,73.46764,301.24,0.39,0.36,2023-12-01,2053,N,VIIRS,n,2,286.61,0.67,N,2
26.92862,73.46832,297.04,0.39,0.36,2023-12-01,2053,N,VIIRS,n,2,286.75,0.62,N,2
18.72031,79.53484,315.47,0.34,0.56,2023-12-01,2054,N,VIIRS,n,2,291.46,1.66,N,2
19.91759,79.30959,303.74,0.62,0.54,2023-12-01,2054,N,VIIRS,n,2,291.03,1.55,N,0
20.10412,79.03019,303.02,0.59,0.53,2023-12-01,2054,N,VIIRS,n,2,290.72,1.09,N,0
20.76165,85.29591,297.31,0.7,0.75,2023-12-01,2054,N,VIIRS,n,2,283.34,1.45,N,0
20.76268,85.29189,301.71,0.7,0.75,2023-12-01,2054,N,VIIRS,n,2,283.78,1.5,N,2
20.78461,85.26229,301.55,0.7,0.75,2023-12-01,2054,N,VIIRS,n,2,282.68,1.38,N,2
20.78503,85.25954,302.97,0.7,0.75,2023-12-01,2054,N,VIIRS,n,2,283.06,1.52,N,2
20.78972,85.27087,296.22,0.7,0.75,2023-12-01,2054,N,VIIRS,n,2,282.81,1.38,N,0
20.79016,85.26818,300.55,0.7,0.75,2023-12-01,2054,N,VIIRS,n,2,283.08,1.17,N,2
20.79348,85.25452,305.17,0.7,0.75,2023-12-01,2054,N,VIIRS,n,2,283.13,2.63,N,2
20.7948,85.25051,298.7,0.69,0.75,2023-12-01,2054,N,VIIRS,n,2,282.48,3.35,N,2
20.80695,85.25862,305.89,0.7,0.75,2023-12-01,2054,N,VIIRS,n,2,284.35,1.7,N,2
20.80826,85.2546,301.45,0.69,0.75,2023-12-01,2054,N,VIIRS,n,2,284.58,2.76,N,2
20.86895,71.39737,306.75,0.39,0.36,2023-12-01,2054,N,VIIRS,n,2,293.16,1.16,N,2
20.91035,71.45789,309.6,0.39,0.36,2023-12-01,2054,N,VIIRS,n,2,292.66,0.6,N,2
20.94383,86.05687,299.83,0.77,0.77,2023-12-01,2054,N,VIIRS,n,2,286.59,2.0,N,2
20.95514,85.0072,300.05,0.67,0.73,2023-12-01,2054,N,VIIRS,n,2,282.97,1.42,N,2
20.95642,85.00689,300.15,0.67,0.73,2023-12-01,2054,N,VIIRS,n,2,283.45,1.08,N,2
20.96451,85.17632,303.49,0.68,0.74,2023-12-01,2054,N,VIIRS,n,2,284.11,3.35,N,2
20.96611,85.16984,305.84,0.68,0.74,2023-12-01,2054,N,VIIRS,n,2,284.39,2.59,N,2
20.9677,85.16339,299.69,0.68,0.74,2023-12-01,2054,N,VIIRS,n,2,284.68,2.59,N,2
20.97279,85.17187,319.0,0.68,0.74,2023-12-01,2054,N,VIIRS,n,2,283.81,3.96,N,2
20.97578,85.13065,297.84,0.68,0.74,2023-12-01,2054,N,VIIRS,n,2,283.26,1.72,N,2
20.98083,85.13921,298.39,0.68,0.74,2023-12-01,2054,N,VIIRS,n,2,282.96,1.21,N,2
21.07603,85.04156,313.67,0.67,0.73,2023-12-01,2054,N,VIIRS,n,2,282.85,3.4,N,2
21.07757,85.0352,296.69,0.67,0.73,2023-12-01,2054,N,VIIRS,n,2,283.32,2.42,N,2
21.07829,85.04147,313.02,0.67,0.73,2023-12-01,2054,N,VIIRS,n,2,282.93,2.1,N,2
21.07986,85.03513,297.67,0.66,0.73,2023-12-01,2054,N,VIIRS,n,2,283.45,2.1,N,2
21.10011,72.6372,308.77,0.4,0.37,2023-12-01,2054,N,VIIRS,n,2,292.94,1.12,N,2
21.10075,72.63336,310.47,0.4,0.37,2023-12-01,2054,N,VIIRS,n,2,293.25,1.37,N,2
21.10347,72.63783,325.24,0.4,0.37,2023-12-01,2054,N,VIIRS,n,2,294.31,3.15,N,2
21.10412,72.634,329.32,0.4,0.37,2023-12-01,2054,N,VIIRS,n,2,293.92,1.69,N,2
21.10556,72.64614,339.14,0.4,0.37,2023-12-01,2054,N,VIIRS,n,2,296.38,6.44,N,2
21.10748,72.63463,304.72,0.4,0.37,2023-12-01,2054,N,VIIRS,n,2,293.79,1.69,N,2
21.10892,72.64678,314.7,0.4,0.37,2023-12-01,2054,N,VIIRS,n,2,294.86,1.34,N,2
21.11086,72.63526,305.28,0.4,0.37,2023-12-01,2054,N,VIIRS,n,2,294.88,1.12,N,2
21.18195,81.38655,304.45,0.39,0.6,2023-12-01,2054,N,VIIRS,n,2,289.14,2.02,N,3
21.30014,81.60606,300.56,0.4,0.6,2023-12-01,2054,N,VIIRS,n,2,285.56,0.66,N,2
21.309,81.59206,302.89,0.4,0.6,2023-12-01,2054,N,VIIRS,n,2,287.82,0.95,N,2
21.36505,81.64579,300.79,0.41,0.6,2023-12-01,2054,N,VIIRS,n,2,288.29,0.95,N,2
21.36912,81.67962,301.23,0.41,0.6,2023-12-01,2054,N,VIIRS,n,2,289.0,0.98,N,2
21.3746,81.68108,308.84,0.41,0.6,2023-12-01,2054,N,VIIRS,n,2,289.31,0.98,N,2
21.37514,81.65253,302.25,0.41,0.6,2023-12-01,2054,N,VIIRS,n,2,288.79,1.27,N,2
21.38781,81.6476,309.35,0.41,0.6,2023-12-01,2054,N,VIIRS,n,2,288.97,2.0,N,2
21.48551,81.76866,312.02,0.41,0.61,2023-12-01,2054,N,VIIRS,n,2,289.37,1.78,N,2
21.48719,81.77088,308.21,0.41,0.61,2023-12-01,2054,N,VIIRS,n,2,289.32,1.9,N,2
21.67272,82.08372,306.08,0.43,0.62,2023-12-01,2054,N,VIIRS,n,2,289.91,1.28,N,2
23.10407,70.18713,302.99,0.4,0.37,2023-12-01,2054,N,VIIRS,n,2,291.0,0.71,N,2
23.2685,70.25799,300.86,0.4,0.37,2023-12-01,2054,N,VIIRS,n,2,289.8,0.44,N,2
23.31542,70.48605,310.82,0.39,0.36,2023-12-01,2054,N,VIIRS,n,2,292.42,1.24,N,2
23.40756,72.41831,300.42,0.39,0.36,2023-12-01,2054,N,VIIRS,n,2,288.41,0.15,N,0
15.68401,78.45806,305.23,0.33,0.55,2023-12-01,2055,N,VIIRS,n,2,292.19,0.48,N,2
15.68612,78.4582,305.52,0.33,0.55,2023-12-01,2055,N,VIIRS,n,2,292.81,0.65,N,2
15.92307,75.14896,318.4,0.4,0.44,2023-12-01,2055,N,VIIRS,n,2,287.01,1.69,N,0
17.05358,76.17809,307.52,0.44,0.46,2023-12-01,2055,N,VIIRS,n,2,289.43,0.73,N,0
17.14458,78.22546,301.38,0.59,0.53,2023-12-01,2055,N,VIIRS,n,2,288.18,0.65,N,2
17.6944,83.24619,310.39,0.61,0.71,2023-12-01,2055,N,VIIRS,n,2,284.85,1.82,N,0
17.69596,83.24657,311.14,0.61,0.71,2023-12-01,2055,N,VIIRS,n,2,285.12,1.53,N,0
18.45548,73.94562,307.59,0.47,0.4,2023-12-01,2055,N,VIIRS,n,2,289.53,0.81,N,0
18.57727,72.24065,310.83,0.41,0.37,2023-12-01,2055,N,VIIRS,n,2,296.3,2.81,N,3
18.58571,71.03296,314.84,0.39,0.36,2023-12-01,2055,N,VIIRS,n,2,296.9,2.17,N,3
18.67748,79.55312,307.0,0.34,0.56,2023-12-01,2055,N,VIIRS,n,2,291.13,0.97,N,0
18.68048,73.03826,307.68,0.43,0.38,2023-12-01,2055,N,VIIRS,n,2,293.89,1.28,N,2
18.68118,73.0342,321.7,0.43,0.38,2023-12-01,2055,N,VIIRS,n,2,294.32,2.09,N,2
18.68327,73.04298,307.06,0.43,0.38,2023-12-01,2055,N,VIIRS,n,2,294.17,1.28,N,2
18.68535,73.0308,313.14,0.43,0.38,2023-12-01,2055,N,VIIRS,n,2,294.76,2.09,N,2
18.69093,73.04022,324.85,0.43,0.38,2023-12-01,2055,N,VIIRS,n,2,294.4,3.22,N,2
18.69441,73.04088,305.33,0.43,0.38,2023-12-01,2055,N,VIIRS,n,2,294.5,1.16,N,2
18.70396,72.34295,312.89,0.41,0.37,2023-12-01,2055,N,VIIRS,n,2,296.61,3.15,N,3
18.708,72.33973,311.69,0.41,0.37,2023-12-01,2055,N,VIIRS,n,2,296.55,2.7,N,3
18.71828,79.53602,301.79,0.34,0.56,2023-12-01,2055,N,VIIRS,n,2,290.6,0.94,N,2
18.72339,79.53711,306.33,0.34,0.56,2023-12-01,2055,N,VIIRS,n,2,291.21,0.94,N,2
18.80434,74.26157,307.99,0.49,0.4,2023-12-01,2055,N,VIIRS,n,2,290.07,0.61,N,2
19.10158,73.05424,314.84,0.43,0.38,2023-12-01,2055,N,VIIRS,n,2,292.15,0.64,N,2
19.17623,70.94421,323.64,0.38,0.36,2023-12-01,2055,N,VIIRS,n,2,296.84,1.19,N,3
19.33472,72.0197,314.85,0.4,0.37,2023-12-01,2055,N,VIIRS,n,2,297.55,3.22,N,3
19.37105,71.35366,332.63,0.39,0.36,2023-12-01,2055,N,VIIRS,n,2,295.65,6.48,N,3
12.85932,75.95835,297.32,0.5,0.49,2023-12-01,2056,N,VIIRS,n,2,284.28,0.29,N,0
14.82118,75.80477,307.36,0.46,0.47,2023-12-01,2056,N,VIIRS,n,2,289.37,0.55,N,0
14.92991,78.34077,303.82,0.33,0.55,2023-12-01,2056,N,VIIRS,n,2,286.96,0.77,N,0
15.06968,76.86673,301.71,0.53,0.5,2023-12-01,2056,N,VIIRS,n,2,290.21,1.21,N,2
15.13705,76.70992,301.76,0.51,0.5,2023-12-01,2056,N,VIIRS,n,2,290.13,0.87,N,2
15.15065,76.71269,300.97,0.51,0.5,2023-12-01,2056,N,VIIRS,n,2,289.81,1.3,N,0
15.15111,76.70959,304.9,0.51,0.5,2023-12-01,2056,N,VIIRS,n,2,290.02,0.84,N,2
15.17087,76.37901,305.6,0.49,0.49,2023-12-01,2056,N,VIIRS,n,2,290.82,1.93,N,2
15.17471,76.66029,303.61,0.51,0.49,2023-12-01,2056,N,VIIRS,n,2,290.98,2.1,N,2
15.17561,76.65557,316.35,0.51,0.49,2023-12-01,2056,N,VIIRS,n,2,291.86,3.17,N,2
15.1765,76.67543,302.14,0.51,0.49,2023-12-01,2056,N,VIIRS,n,2,290.67,1.65,N,2
15.17831,76.66598,315.13,0.51,0.49,2023-12-01,2056,N,VIIRS,n,2,291.19,1.86,N,2
15.17848,77.10468,302.41,0.54,0.51,2023-12-01,2056,N,VIIRS,n,2,290.27,0.59,N,2
15.18012,76.65652,305.69,0.51,0.49,2023-12-01,2056,N,VIIRS,n,2,290.9,2.56,N,2
15.18282,76.66694,309.13,0.51,0.49,2023-12-01,2056,N,VIIRS,n,2,291.11,1.86,N,2
15.33238,76.28551,301.66,0.48,0.48,2023-12-01,2056,N,VIIRS,n,2,290.55,2.23,N,2
15.33846,76.2776,317.7,0.48,0.48,2023-12-01,2056,N,VIIRS,n,2,291.2,2.43,N,2
15.33858,76.27989,318.43,0.48,0.48,2023-12-01,2056,N,VIIRS,n,2,290.9,2.99,N,2
15.65813,73.98843,304.43,0.52,0.41,2023-12-01,2056,N,VIIRS,n,2,292.75,0.74,N,2
